2026-10-02T19:46:10.597670Z  WARN codex_skills::interface: ignoring interface.icon_small: icon path with '..' must resolve under plugin assets/
2026-10-02T19:46:10.598142Z  WARN codex_skills::interface: ignoring interface.icon_large: icon path with '..' must resolve under plugin assets/
2026-10-02T19:46:10.605546Z  WARN codex_otel::events::session_telemetry: metrics counter [codex.feature.state] failed: tag value contains invalid characters: qwen3.6:35b-coding
2026-10-02T19:46:10.605967Z  WARN codex_otel::events::session_telemetry: metrics counter [codex.feature.state] failed: tag value contains invalid characters: qwen3.6:35b-coding
2026-10-02T19:46:10.606486Z  WARN codex_otel::events::session_telemetry: metrics counter [codex.thread.started] failed: tag value contains invalid characters: qwen3.6:35b-coding
2026-10-02T19:46:10.678274Z  WARN codex_otel::events::session_telemetry: metrics counter [codex.shell_snapshot] failed: tag value contains invalid characters: qwen3.6:35b-coding
2026-10-02T19:46:11.164269Z  WARN codex_skills::interface: ignoring interface.icon_small: icon path with '..' must resolve under plugin assets/
2026-10-02T19:46:11.164296Z  WARN codex_skills::interface: ignoring interface.icon_large: icon path with '..' must resolve under plugin assets/
2026-10-02T19:46:11.613503Z  WARN codex_otel::events::session_telemetry: metrics counter [codex.memory.phase2] failed: tag value contains invalid characters: qwen3.6:35b-coding
2026-10-02T19:46:11.638554Z  WARN codex_otel::events::session_telemetry: metrics histogram [codex.thread.skills.enabled_total] failed: tag value contains invalid characters: qwen3.6:35b-coding
2026-10-02T19:46:11.638596Z  WARN codex_otel::events::session_telemetry: metrics histogram [codex.thread.skills.kept_total] failed: tag value contains invalid characters: qwen3.6:35b-coding
2026-10-02T19:46:11.638623Z  WARN codex_otel::events::session_telemetry: metrics histogram [codex.thread.skills.truncated] failed: tag value contains invalid characters: qwen3.6:35b-coding
2026-10-02T19:46:11.638641Z  WARN codex_otel::events::session_telemetry: metrics histogram [codex.thread.skills.description_truncated_chars] failed: tag value contains invalid characters: qwen3.6:35b-coding
2026-10-02T19:46:15.881286Z  WARN codex_otel::events::session_telemetry: metrics counter [codex.api_request] failed: tag value contains invalid characters: qwen3.6:35b-coding
2026-10-02T19:46:15.881366Z  WARN codex_otel::events::session_telemetry: metrics duration [codex.api_request.duration_ms] failed: tag value contains invalid characters: qwen3.6:35b-coding
2026-10-02T19:46:15.884596Z  WARN codex_otel::events::session_telemetry: metrics counter [codex.sse_event] failed: tag value contains invalid characters: qwen3.6:35b-coding
2026-10-02T19:46:15.884667Z  WARN codex_otel::events::session_telemetry: metrics duration [codex.sse_event.duration_ms] failed: tag value contains invalid characters: qwen3.6:35b-coding
2026-10-02T19:46:15.886087Z  WARN codex_otel::events::session_telemetry: metrics counter [codex.sse_event] failed: tag value contains invalid characters: qwen3.6:35b-coding
2026-10-02T19:46:15.886131Z  WARN codex_otel::events::session_telemetry: metrics duration [codex.sse_event.duration_ms] failed: tag value contains invalid characters: qwen3.6:35b-coding
2026-10-02T19:46:15.886613Z  WARN codex_otel::events::session_telemetry: metrics counter [codex.sse_event] failed: tag value contains invalid characters: qwen3.6:35b-coding
2026-10-02T19:46:15.886649Z  WARN codex_otel::events::session_telemetry: metrics duration [codex.sse_event.duration_ms] failed: tag value contains invalid characters: qwen3.6:35b-coding
2026-10-02T19:46:15.887114Z  WARN codex_otel::events::session_telemetry: metrics counter [codex.sse_event] failed: tag value contains invalid characters: qwen3.6:35b-coding
2026-10-02T19:46:15.887138Z  WARN codex_otel::events::session_telemetry: metrics duration [codex.sse_event.duration_ms] failed: tag value contains invalid characters: qwen3.6:35b-coding
2026-10-02T19:46:15.887166Z  WARN codex_otel::events::session_telemetry: metrics duration [codex.turn.ttft.duration_ms] failed: tag value contains invalid characters: qwen3.6:35b-coding
2026-10-02T19:46:15.908596Z  WARN codex_otel::events::session_telemetry: metrics counter [codex.sse_event] failed: tag value contains invalid characters: qwen3.6:35b-coding
2026-10-02T19:46:15.908658Z  WARN codex_otel::events::session_telemetry: metrics duration [codex.sse_event.duration_ms] failed: tag value contains invalid characters: qwen3.6:35b-coding
2026-10-02T19:46:15.908721Z  WARN codex_otel::events::session_telemetry: metrics counter [codex.sse_event] failed: tag value contains invalid characters: qwen3.6:35b-coding
2026-10-02T19:46:15.908753Z  WARN codex_otel::events::session_telemetry: metrics duration [codex.sse_event.duration_ms] failed: tag value contains invalid characters: qwen3.6:35b-coding
2026-10-02T19:46:15.933922Z  WARN codex_otel::events::session_telemetry: metrics counter [codex.sse_event] failed: tag value contains invalid characters: qwen3.6:35b-coding
2026-10-02T19:46:15.934040Z  WARN codex_otel::events::session_telemetry: metrics duration [codex.sse_event.duration_ms] failed: tag value contains invalid characters: qwen3.6:35b-coding
2026-10-02T19:46:15.934213Z  WARN codex_otel::events::session_telemetry: metrics counter [codex.sse_event] failed: tag value contains invalid characters: qwen3.6:35b-coding
2026-10-02T19:46:15.934266Z  WARN codex_otel::events::session_telemetry: metrics duration [codex.sse_event.duration_ms] failed: tag value contains invalid characters: qwen3.6:35b-coding
2026-10-02T19:46:15.959084Z  WARN codex_otel::events::session_telemetry: metrics counter [codex.sse_event] failed: tag value contains invalid characters: qwen3.6:35b-coding
2026-10-02T19:46:15.959172Z  WARN codex_otel::events::session_telemetry: metrics duration [codex.sse_event.duration_ms] failed: tag value contains invalid characters: qwen3.6:35b-coding
2026-10-02T19:46:15.984308Z  WARN codex_otel::events::session_telemetry: metrics counter [codex.sse_event] failed: tag value contains invalid characters: qwen3.6:35b-coding
2026-10-02T19:46:15.984433Z  WARN codex_otel::events::session_telemetry: metrics duration [codex.sse_event.duration_ms] failed: tag value contains invalid characters: qwen3.6:35b-coding
2026-10-02T19:46:16.009877Z  WARN codex_otel::events::session_telemetry: metrics counter [codex.sse_event] failed: tag value contains invalid characters: qwen3.6:35b-coding
2026-10-02T19:46:16.009905Z  WARN codex_otel::events::session_telemetry: metrics duration [codex.sse_event.duration_ms] failed: tag value contains invalid characters: qwen3.6:35b-coding
2026-10-02T19:46:16.009942Z  WARN codex_otel::events::session_telemetry: metrics counter [codex.sse_event] failed: tag value contains invalid characters: qwen3.6:35b-coding
2026-10-02T19:46:16.009956Z  WARN codex_otel::events::session_telemetry: metrics duration [codex.sse_event.duration_ms] failed: tag value contains invalid characters: qwen3.6:35b-coding
2026-10-02T19:46:16.009987Z  WARN codex_otel::events::session_telemetry: metrics counter [codex.sse_event] failed: tag value contains invalid characters: qwen3.6:35b-coding
2026-10-02T19:46:16.009999Z  WARN codex_otel::events::session_telemetry: metrics duration [codex.sse_event.duration_ms] failed: tag value contains invalid characters: qwen3.6:35b-coding
2026-10-02T19:46:16.035188Z  WARN codex_otel::events::session_telemetry: metrics counter [codex.sse_event] failed: tag value contains invalid characters: qwen3.6:35b-coding
2026-10-02T19:46:16.035248Z  WARN codex_otel::events::session_telemetry: metrics duration [codex.sse_event.duration_ms] failed: tag value contains invalid characters: qwen3.6:35b-coding
2026-10-02T19:46:16.060862Z  WARN codex_otel::events::session_telemetry: metrics counter [codex.sse_event] failed: tag value contains invalid characters: qwen3.6:35b-coding
2026-10-02T19:46:16.060951Z  WARN codex_otel::events::session_telemetry: metrics duration [codex.sse_event.duration_ms] failed: tag value contains invalid characters: qwen3.6:35b-coding
2026-10-02T19:46:16.061051Z  WARN codex_otel::events::session_telemetry: metrics counter [codex.sse_event] failed: tag value contains invalid characters: qwen3.6:35b-coding
2026-10-02T19:46:16.061131Z  WARN codex_otel::events::session_telemetry: metrics duration [codex.sse_event.duration_ms] failed: tag value contains invalid characters: qwen3.6:35b-coding
2026-10-02T19:46:16.061211Z  WARN codex_otel::events::session_telemetry: metrics counter [codex.sse_event] failed: tag value contains invalid characters: qwen3.6:35b-coding
2026-10-02T19:46:16.061260Z  WARN codex_otel::events::session_telemetry: metrics duration [codex.sse_event.duration_ms] failed: tag value contains invalid characters: qwen3.6:35b-coding
2026-10-02T19:46:16.085835Z  WARN codex_otel::events::session_telemetry: metrics counter [codex.sse_event] failed: tag value contains invalid characters: qwen3.6:35b-coding
2026-10-02T19:46:16.085895Z  WARN codex_otel::events::session_telemetry: metrics duration [codex.sse_event.duration_ms] failed: tag value contains invalid characters: qwen3.6:35b-coding
2026-10-02T19:46:16.085951Z  WARN codex_otel::events::session_telemetry: metrics counter [codex.sse_event] failed: tag value contains invalid characters: qwen3.6:35b-coding
2026-10-02T19:46:16.085975Z  WARN codex_otel::events::session_telemetry: metrics duration [codex.sse_event.duration_ms] failed: tag value contains invalid characters: qwen3.6:35b-coding
2026-10-02T19:46:16.111320Z  WARN codex_otel::events::session_telemetry: metrics counter [codex.sse_event] failed: tag value contains invalid characters: qwen3.6:35b-coding
2026-10-02T19:46:16.111415Z  WARN codex_otel::events::session_telemetry: metrics duration [codex.sse_event.duration_ms] failed: tag value contains invalid characters: qwen3.6:35b-coding
2026-10-02T19:46:16.111510Z  WARN codex_otel::events::session_telemetry: metrics counter [codex.sse_event] failed: tag value contains invalid characters: qwen3.6:35b-coding
2026-10-02T19:46:16.111588Z  WARN codex_otel::events::session_telemetry: metrics duration [codex.sse_event.duration_ms] failed: tag value contains invalid characters: qwen3.6:35b-coding
2026-10-02T19:46:16.111721Z  WARN codex_otel::events::session_telemetry: metrics counter [codex.sse_event] failed: tag value contains invalid characters: qwen3.6:35b-coding
2026-10-02T19:46:16.111760Z  WARN codex_otel::events::session_telemetry: metrics duration [codex.sse_event.duration_ms] failed: tag value contains invalid characters: qwen3.6:35b-coding
2026-10-02T19:46:16.136820Z  WARN codex_otel::events::session_telemetry: metrics counter [codex.sse_event] failed: tag value contains invalid characters: qwen3.6:35b-coding
2026-10-02T19:46:16.136849Z  WARN codex_otel::events::session_telemetry: metrics duration [codex.sse_event.duration_ms] failed: tag value contains invalid characters: qwen3.6:35b-coding
2026-10-02T19:46:16.136886Z  WARN codex_otel::events::session_telemetry: metrics counter [codex.sse_event] failed: tag value contains invalid characters: qwen3.6:35b-coding
2026-10-02T19:46:16.136897Z  WARN codex_otel::events::session_telemetry: metrics duration [codex.sse_event.duration_ms] failed: tag value contains invalid characters: qwen3.6:35b-coding
2026-10-02T19:46:16.162100Z  WARN codex_otel::events::session_telemetry: metrics counter [codex.sse_event] failed: tag value contains invalid characters: qwen3.6:35b-coding
2026-10-02T19:46:16.162172Z  WARN codex_otel::events::session_telemetry: metrics duration [codex.sse_event.duration_ms] failed: tag value contains invalid characters: qwen3.6:35b-coding
2026-10-02T19:46:16.162232Z  WARN codex_otel::events::session_telemetry: metrics counter [codex.sse_event] failed: tag value contains invalid characters: qwen3.6:35b-coding
2026-10-02T19:46:16.162258Z  WARN codex_otel::events::session_telemetry: metrics duration [codex.sse_event.duration_ms] failed: tag value contains invalid characters: qwen3.6:35b-coding
2026-10-02T19:46:16.162304Z  WARN codex_otel::events::session_telemetry: metrics counter [codex.sse_event] failed: tag value contains invalid characters: qwen3.6:35b-coding
2026-10-02T19:46:16.162345Z  WARN codex_otel::events::session_telemetry: metrics duration [codex.sse_event.duration_ms] failed: tag value contains invalid characters: qwen3.6:35b-coding
2026-10-02T19:46:16.190281Z  WARN codex_otel::events::session_telemetry: metrics counter [codex.sse_event] failed: tag value contains invalid characters: qwen3.6:35b-coding
2026-10-02T19:46:16.190385Z  WARN codex_otel::events::session_telemetry: metrics duration [codex.sse_event.duration_ms] failed: tag value contains invalid characters: qwen3.6:35b-coding
2026-10-02T19:46:16.190489Z  WARN codex_otel::events::session_telemetry: metrics counter [codex.sse_event] failed: tag value contains invalid characters: qwen3.6:35b-coding
2026-10-02T19:46:16.190540Z  WARN codex_otel::events::session_telemetry: metrics duration [codex.sse_event.duration_ms] failed: tag value contains invalid characters: qwen3.6:35b-coding
2026-10-02T19:46:16.190653Z  WARN codex_otel::events::session_telemetry: metrics counter [codex.sse_event] failed: tag value contains invalid characters: qwen3.6:35b-coding
2026-10-02T19:46:16.190687Z  WARN codex_otel::events::session_telemetry: metrics duration [codex.sse_event.duration_ms] failed: tag value contains invalid characters: qwen3.6:35b-coding
2026-10-02T19:46:16.215502Z  WARN codex_otel::events::session_telemetry: metrics counter [codex.sse_event] failed: tag value contains invalid characters: qwen3.6:35b-coding
2026-10-02T19:46:16.215577Z  WARN codex_otel::events::session_telemetry: metrics duration [codex.sse_event.duration_ms] failed: tag value contains invalid characters: qwen3.6:35b-coding
2026-10-02T19:46:16.215654Z  WARN codex_otel::events::session_telemetry: metrics counter [codex.sse_event] failed: tag value contains invalid characters: qwen3.6:35b-coding
2026-10-02T19:46:16.215700Z  WARN codex_otel::events::session_telemetry: metrics duration [codex.sse_event.duration_ms] failed: tag value contains invalid characters: qwen3.6:35b-coding
2026-10-02T19:46:16.215786Z  WARN codex_otel::events::session_telemetry: metrics counter [codex.sse_event] failed: tag value contains invalid characters: qwen3.6:35b-coding
2026-10-02T19:46:16.215816Z  WARN codex_otel::events::session_telemetry: metrics duration [codex.sse_event.duration_ms] failed: tag value contains invalid characters: qwen3.6:35b-coding
2026-10-02T19:46:16.240816Z  WARN codex_otel::events::session_telemetry: metrics counter [codex.sse_event] failed: tag value contains invalid characters: qwen3.6:35b-coding
2026-10-02T19:46:16.240915Z  WARN codex_otel::events::session_telemetry: metrics duration [codex.sse_event.duration_ms] failed: tag value contains invalid characters: qwen3.6:35b-coding
2026-10-02T19:46:16.241147Z  WARN codex_otel::events::session_telemetry: metrics counter [codex.sse_event] failed: tag value contains invalid characters: qwen3.6:35b-coding
2026-10-02T19:46:16.241196Z  WARN codex_otel::events::session_telemetry: metrics duration [codex.sse_event.duration_ms] failed: tag value contains invalid characters: qwen3.6:35b-coding
2026-10-02T19:46:16.241280Z  WARN codex_otel::events::session_telemetry: metrics counter [codex.sse_event] failed: tag value contains invalid characters: qwen3.6:35b-coding
2026-10-02T19:46:16.241323Z  WARN codex_otel::events::session_telemetry: metrics duration [codex.sse_event.duration_ms] failed: tag value contains invalid characters: qwen3.6:35b-coding
2026-10-02T19:46:16.266707Z  WARN codex_otel::events::session_telemetry: metrics counter [codex.sse_event] failed: tag value contains invalid characters: qwen3.6:35b-coding
2026-10-02T19:46:16.266809Z  WARN codex_otel::events::session_telemetry: metrics duration [codex.sse_event.duration_ms] failed: tag value contains invalid characters: qwen3.6:35b-coding
2026-10-02T19:46:16.266899Z  WARN codex_otel::events::session_telemetry: metrics counter [codex.sse_event] failed: tag value contains invalid characters: qwen3.6:35b-coding
2026-10-02T19:46:16.266942Z  WARN codex_otel::events::session_telemetry: metrics duration [codex.sse_event.duration_ms] failed: tag value contains invalid characters: qwen3.6:35b-coding
2026-10-02T19:46:16.267050Z  WARN codex_otel::events::session_telemetry: metrics counter [codex.sse_event] failed: tag value contains invalid characters: qwen3.6:35b-coding
2026-10-02T19:46:16.267079Z  WARN codex_otel::events::session_telemetry: metrics duration [codex.sse_event.duration_ms] failed: tag value contains invalid characters: qwen3.6:35b-coding
2026-10-02T19:46:16.292249Z  WARN codex_otel::events::session_telemetry: metrics counter [codex.sse_event] failed: tag value contains invalid characters: qwen3.6:35b-coding
2026-10-02T19:46:16.292325Z  WARN codex_otel::events::session_telemetry: metrics duration [codex.sse_event.duration_ms] failed: tag value contains invalid characters: qwen3.6:35b-coding
2026-10-02T19:46:16.292409Z  WARN codex_otel::events::session_telemetry: metrics counter [codex.sse_event] failed: tag value contains invalid characters: qwen3.6:35b-coding
2026-10-02T19:46:16.292436Z  WARN codex_otel::events::session_telemetry: metrics duration [codex.sse_event.duration_ms] failed: tag value contains invalid characters: qwen3.6:35b-coding
2026-10-02T19:46:16.317460Z  WARN codex_otel::events::session_telemetry: metrics counter [codex.sse_event] failed: tag value contains invalid characters: qwen3.6:35b-coding
2026-10-02T19:46:16.317506Z  WARN codex_otel::events::session_telemetry: metrics duration [codex.sse_event.duration_ms] failed: tag value contains invalid characters: qwen3.6:35b-coding
2026-10-02T19:46:16.317554Z  WARN codex_otel::events::session_telemetry: metrics counter [codex.sse_event] failed: tag value contains invalid characters: qwen3.6:35b-coding
2026-10-02T19:46:16.317572Z  WARN codex_otel::events::session_telemetry: metrics duration [codex.sse_event.duration_ms] failed: tag value contains invalid characters: qwen3.6:35b-coding
2026-10-02T19:46:16.343368Z  WARN codex_otel::events::session_telemetry: metrics counter [codex.sse_event] failed: tag value contains invalid characters: qwen3.6:35b-coding
2026-10-02T19:46:16.343449Z  WARN codex_otel::events::session_telemetry: metrics duration [codex.sse_event.duration_ms] failed: tag value contains invalid characters: qwen3.6:35b-coding
2026-10-02T19:46:16.343550Z  WARN codex_otel::events::session_telemetry: metrics counter [codex.sse_event] failed: tag value contains invalid characters: qwen3.6:35b-coding
2026-10-02T19:46:16.343598Z  WARN codex_otel::events::session_telemetry: metrics duration [codex.sse_event.duration_ms] failed: tag value contains invalid characters: qwen3.6:35b-coding
2026-10-02T19:46:16.368813Z  WARN codex_otel::events::session_telemetry: metrics counter [codex.sse_event] failed: tag value contains invalid characters: qwen3.6:35b-coding
2026-10-02T19:46:16.368947Z  WARN codex_otel::events::session_telemetry: metrics duration [codex.sse_event.duration_ms] failed: tag value contains invalid characters: qwen3.6:35b-coding
2026-10-02T19:46:16.369022Z  WARN codex_otel::events::session_telemetry: metrics counter [codex.sse_event] failed: tag value contains invalid characters: qwen3.6:35b-coding
2026-10-02T19:46:16.369033Z  WARN codex_otel::events::session_telemetry: metrics duration [codex.sse_event.duration_ms] failed: tag value contains invalid characters: qwen3.6:35b-coding
2026-10-02T19:46:16.369164Z  WARN codex_otel::events::session_telemetry: metrics counter [codex.sse_event] failed: tag value contains invalid characters: qwen3.6:35b-coding
2026-10-02T19:46:16.369193Z  WARN codex_otel::events::session_telemetry: metrics duration [codex.sse_event.duration_ms] failed: tag value contains invalid characters: qwen3.6:35b-coding
2026-10-02T19:46:16.394351Z  WARN codex_otel::events::session_telemetry: metrics counter [codex.sse_event] failed: tag value contains invalid characters: qwen3.6:35b-coding
2026-10-02T19:46:16.394384Z  WARN codex_otel::events::session_telemetry: metrics duration [codex.sse_event.duration_ms] failed: tag value contains invalid characters: qwen3.6:35b-coding
2026-10-02T19:46:16.394417Z  WARN codex_otel::events::session_telemetry: metrics counter [codex.sse_event] failed: tag value contains invalid characters: qwen3.6:35b-coding
2026-10-02T19:46:16.394440Z  WARN codex_otel::events::session_telemetry: metrics duration [codex.sse_event.duration_ms] failed: tag value contains invalid characters: qwen3.6:35b-coding
2026-10-02T19:46:16.394459Z  WARN codex_otel::events::session_telemetry: metrics counter [codex.sse_event] failed: tag value contains invalid characters: qwen3.6:35b-coding
2026-10-02T19:46:16.394466Z  WARN codex_otel::events::session_telemetry: metrics duration [codex.sse_event.duration_ms] failed: tag value contains invalid characters: qwen3.6:35b-coding
2026-10-02T19:46:16.419724Z  WARN codex_otel::events::session_telemetry: metrics counter [codex.sse_event] failed: tag value contains invalid characters: qwen3.6:35b-coding
2026-10-02T19:46:16.419793Z  WARN codex_otel::events::session_telemetry: metrics duration [codex.sse_event.duration_ms] failed: tag value contains invalid characters: qwen3.6:35b-coding
2026-10-02T19:46:16.419844Z  WARN codex_otel::events::session_telemetry: metrics counter [codex.sse_event] failed: tag value contains invalid characters: qwen3.6:35b-coding
2026-10-02T19:46:16.419866Z  WARN codex_otel::events::session_telemetry: metrics duration [codex.sse_event.duration_ms] failed: tag value contains invalid characters: qwen3.6:35b-coding
2026-10-02T19:46:16.445066Z  WARN codex_otel::events::session_telemetry: metrics counter [codex.sse_event] failed: tag value contains invalid characters: qwen3.6:35b-coding
2026-10-02T19:46:16.445146Z  WARN codex_otel::events::session_telemetry: metrics duration [codex.sse_event.duration_ms] failed: tag value contains invalid characters: qwen3.6:35b-coding
2026-10-02T19:46:16.445241Z  WARN codex_otel::events::session_telemetry: metrics counter [codex.sse_event] failed: tag value contains invalid characters: qwen3.6:35b-coding
2026-10-02T19:46:16.445285Z  WARN codex_otel::events::session_telemetry: metrics duration [codex.sse_event.duration_ms] failed: tag value contains invalid characters: qwen3.6:35b-coding
2026-10-02T19:46:16.445388Z  WARN codex_otel::events::session_telemetry: metrics counter [codex.sse_event] failed: tag value contains invalid characters: qwen3.6:35b-coding
2026-10-02T19:46:16.445433Z  WARN codex_otel::events::session_telemetry: metrics duration [codex.sse_event.duration_ms] failed: tag value contains invalid characters: qwen3.6:35b-coding
2026-10-02T19:46:16.470487Z  WARN codex_otel::events::session_telemetry: metrics counter [codex.sse_event] failed: tag value contains invalid characters: qwen3.6:35b-coding
2026-10-02T19:46:16.470577Z  WARN codex_otel::events::session_telemetry: metrics duration [codex.sse_event.duration_ms] failed: tag value contains invalid characters: qwen3.6:35b-coding
2026-10-02T19:46:16.470664Z  WARN codex_otel::events::session_telemetry: metrics counter [codex.sse_event] failed: tag value contains invalid characters: qwen3.6:35b-coding
2026-10-02T19:46:16.470708Z  WARN codex_otel::events::session_telemetry: metrics duration [codex.sse_event.duration_ms] failed: tag value contains invalid characters: qwen3.6:35b-coding
2026-10-02T19:46:16.470809Z  WARN codex_otel::events::session_telemetry: metrics counter [codex.sse_event] failed: tag value contains invalid characters: qwen3.6:35b-coding
2026-10-02T19:46:16.470842Z  WARN codex_otel::events::session_telemetry: metrics duration [codex.sse_event.duration_ms] failed: tag value contains invalid characters: qwen3.6:35b-coding
2026-10-02T19:46:16.495879Z  WARN codex_otel::events::session_telemetry: metrics counter [codex.sse_event] failed: tag value contains invalid characters: qwen3.6:35b-coding
2026-10-02T19:46:16.495962Z  WARN codex_otel::events::session_telemetry: metrics duration [codex.sse_event.duration_ms] failed: tag value contains invalid characters: qwen3.6:35b-coding
2026-10-02T19:46:16.496059Z  WARN codex_otel::events::session_telemetry: metrics counter [codex.sse_event] failed: tag value contains invalid characters: qwen3.6:35b-coding
2026-10-02T19:46:16.496100Z  WARN codex_otel::events::session_telemetry: metrics duration [codex.sse_event.duration_ms] failed: tag value contains invalid characters: qwen3.6:35b-coding
2026-10-02T19:46:16.496218Z  WARN codex_otel::events::session_telemetry: metrics counter [codex.sse_event] failed: tag value contains invalid characters: qwen3.6:35b-coding
2026-10-02T19:46:16.496252Z  WARN codex_otel::events::session_telemetry: metrics duration [codex.sse_event.duration_ms] failed: tag value contains invalid characters: qwen3.6:35b-coding
2026-10-02T19:46:16.521182Z  WARN codex_otel::events::session_telemetry: metrics counter [codex.sse_event] failed: tag value contains invalid characters: qwen3.6:35b-coding
2026-10-02T19:46:16.521273Z  WARN codex_otel::events::session_telemetry: metrics duration [codex.sse_event.duration_ms] failed: tag value contains invalid characters: qwen3.6:35b-coding
2026-10-02T19:46:16.521371Z  WARN codex_otel::events::session_telemetry: metrics counter [codex.sse_event] failed: tag value contains invalid characters: qwen3.6:35b-coding
2026-10-02T19:46:16.521420Z  WARN codex_otel::events::session_telemetry: metrics duration [codex.sse_event.duration_ms] failed: tag value contains invalid characters: qwen3.6:35b-coding
2026-10-02T19:46:16.521521Z  WARN codex_otel::events::session_telemetry: metrics counter [codex.sse_event] failed: tag value contains invalid characters: qwen3.6:35b-coding
2026-10-02T19:46:16.521555Z  WARN codex_otel::events::session_telemetry: metrics duration [codex.sse_event.duration_ms] failed: tag value contains invalid characters: qwen3.6:35b-coding
2026-10-02T19:46:16.546415Z  WARN codex_otel::events::session_telemetry: metrics counter [codex.sse_event] failed: tag value contains invalid characters: qwen3.6:35b-coding
2026-10-02T19:46:16.546497Z  WARN codex_otel::events::session_telemetry: metrics duration [codex.sse_event.duration_ms] failed: tag value contains invalid characters: qwen3.6:35b-coding
2026-10-02T19:46:16.571739Z  WARN codex_otel::events::session_telemetry: metrics counter [codex.sse_event] failed: tag value contains invalid characters: qwen3.6:35b-coding
2026-10-02T19:46:16.571836Z  WARN codex_otel::events::session_telemetry: metrics duration [codex.sse_event.duration_ms] failed: tag value contains invalid characters: qwen3.6:35b-coding
2026-10-02T19:46:16.571938Z  WARN codex_otel::events::session_telemetry: metrics counter [codex.sse_event] failed: tag value contains invalid characters: qwen3.6:35b-coding
2026-10-02T19:46:16.571989Z  WARN codex_otel::events::session_telemetry: metrics duration [codex.sse_event.duration_ms] failed: tag value contains invalid characters: qwen3.6:35b-coding
2026-10-02T19:46:16.572061Z  WARN codex_otel::events::session_telemetry: metrics counter [codex.sse_event] failed: tag value contains invalid characters: qwen3.6:35b-coding
2026-10-02T19:46:16.572092Z  WARN codex_otel::events::session_telemetry: metrics duration [codex.sse_event.duration_ms] failed: tag value contains invalid characters: qwen3.6:35b-coding
2026-10-02T19:46:16.597011Z  WARN codex_otel::events::session_telemetry: metrics counter [codex.sse_event] failed: tag value contains invalid characters: qwen3.6:35b-coding
2026-10-02T19:46:16.597102Z  WARN codex_otel::events::session_telemetry: metrics duration [codex.sse_event.duration_ms] failed: tag value contains invalid characters: qwen3.6:35b-coding
2026-10-02T19:46:16.597181Z  WARN codex_otel::events::session_telemetry: metrics counter [codex.sse_event] failed: tag value contains invalid characters: qwen3.6:35b-coding
2026-10-02T19:46:16.597218Z  WARN codex_otel::events::session_telemetry: metrics duration [codex.sse_event.duration_ms] failed: tag value contains invalid characters: qwen3.6:35b-coding
2026-10-02T19:46:16.597287Z  WARN codex_otel::events::session_telemetry: metrics counter [codex.sse_event] failed: tag value contains invalid characters: qwen3.6:35b-coding
2026-10-02T19:46:16.597319Z  WARN codex_otel::events::session_telemetry: metrics duration [codex.sse_event.duration_ms] failed: tag value contains invalid characters: qwen3.6:35b-coding
2026-10-02T19:46:16.622247Z  WARN codex_otel::events::session_telemetry: metrics counter [codex.sse_event] failed: tag value contains invalid characters: qwen3.6:35b-coding
2026-10-02T19:46:16.622360Z  WARN codex_otel::events::session_telemetry: metrics duration [codex.sse_event.duration_ms] failed: tag value contains invalid characters: qwen3.6:35b-coding
2026-10-02T19:46:16.647697Z  WARN codex_otel::events::session_telemetry: metrics counter [codex.sse_event] failed: tag value contains invalid characters: qwen3.6:35b-coding
2026-10-02T19:46:16.647787Z  WARN codex_otel::events::session_telemetry: metrics duration [codex.sse_event.duration_ms] failed: tag value contains invalid characters: qwen3.6:35b-coding
2026-10-02T19:46:16.647871Z  WARN codex_otel::events::session_telemetry: metrics counter [codex.sse_event] failed: tag value contains invalid characters: qwen3.6:35b-coding
2026-10-02T19:46:16.647913Z  WARN codex_otel::events::session_telemetry: metrics duration [codex.sse_event.duration_ms] failed: tag value contains invalid characters: qwen3.6:35b-coding
2026-10-02T19:46:16.648020Z  WARN codex_otel::events::session_telemetry: metrics counter [codex.sse_event] failed: tag value contains invalid characters: qwen3.6:35b-coding
2026-10-02T19:46:16.648063Z  WARN codex_otel::events::session_telemetry: metrics duration [codex.sse_event.duration_ms] failed: tag value contains invalid characters: qwen3.6:35b-coding
2026-10-02T19:46:16.673026Z  WARN codex_otel::events::session_telemetry: metrics counter [codex.sse_event] failed: tag value contains invalid characters: qwen3.6:35b-coding
2026-10-02T19:46:16.673097Z  WARN codex_otel::events::session_telemetry: metrics duration [codex.sse_event.duration_ms] failed: tag value contains invalid characters: qwen3.6:35b-coding
2026-10-02T19:46:16.673192Z  WARN codex_otel::events::session_telemetry: metrics counter [codex.sse_event] failed: tag value contains invalid characters: qwen3.6:35b-coding
2026-10-02T19:46:16.673229Z  WARN codex_otel::events::session_telemetry: metrics duration [codex.sse_event.duration_ms] failed: tag value contains invalid characters: qwen3.6:35b-coding
2026-10-02T19:46:16.698810Z  WARN codex_otel::events::session_telemetry: metrics counter [codex.sse_event] failed: tag value contains invalid characters: qwen3.6:35b-coding
2026-10-02T19:46:16.698908Z  WARN codex_otel::events::session_telemetry: metrics duration [codex.sse_event.duration_ms] failed: tag value contains invalid characters: qwen3.6:35b-coding
2026-10-02T19:46:16.699010Z  WARN codex_otel::events::session_telemetry: metrics counter [codex.sse_event] failed: tag value contains invalid characters: qwen3.6:35b-coding
2026-10-02T19:46:16.699052Z  WARN codex_otel::events::session_telemetry: metrics duration [codex.sse_event.duration_ms] failed: tag value contains invalid characters: qwen3.6:35b-coding
2026-10-02T19:46:16.699152Z  WARN codex_otel::events::session_telemetry: metrics counter [codex.sse_event] failed: tag value contains invalid characters: qwen3.6:35b-coding
2026-10-02T19:46:16.699184Z  WARN codex_otel::events::session_telemetry: metrics duration [codex.sse_event.duration_ms] failed: tag value contains invalid characters: qwen3.6:35b-coding
2026-10-02T19:46:16.724882Z  WARN codex_otel::events::session_telemetry: metrics counter [codex.sse_event] failed: tag value contains invalid characters: qwen3.6:35b-coding
2026-10-02T19:46:16.724962Z  WARN codex_otel::events::session_telemetry: metrics duration [codex.sse_event.duration_ms] failed: tag value contains invalid characters: qwen3.6:35b-coding
2026-10-02T19:46:16.725070Z  WARN codex_otel::events::session_telemetry: metrics counter [codex.sse_event] failed: tag value contains invalid characters: qwen3.6:35b-coding
2026-10-02T19:46:16.725116Z  WARN codex_otel::events::session_telemetry: metrics duration [codex.sse_event.duration_ms] failed: tag value contains invalid characters: qwen3.6:35b-coding
2026-10-02T19:46:16.725204Z  WARN codex_otel::events::session_telemetry: metrics counter [codex.sse_event] failed: tag value contains invalid characters: qwen3.6:35b-coding
2026-10-02T19:46:16.725234Z  WARN codex_otel::events::session_telemetry: metrics duration [codex.sse_event.duration_ms] failed: tag value contains invalid characters: qwen3.6:35b-coding
2026-10-02T19:46:16.751292Z  WARN codex_otel::events::session_telemetry: metrics counter [codex.sse_event] failed: tag value contains invalid characters: qwen3.6:35b-coding
2026-10-02T19:46:16.751372Z  WARN codex_otel::events::session_telemetry: metrics duration [codex.sse_event.duration_ms] failed: tag value contains invalid characters: qwen3.6:35b-coding
2026-10-02T19:46:16.751475Z  WARN codex_otel::events::session_telemetry: metrics counter [codex.sse_event] failed: tag value contains invalid characters: qwen3.6:35b-coding
2026-10-02T19:46:16.751516Z  WARN codex_otel::events::session_telemetry: metrics duration [codex.sse_event.duration_ms] failed: tag value contains invalid characters: qwen3.6:35b-coding
2026-10-02T19:46:16.751629Z  WARN codex_otel::events::session_telemetry: metrics counter [codex.sse_event] failed: tag value contains invalid characters: qwen3.6:35b-coding
2026-10-02T19:46:16.751665Z  WARN codex_otel::events::session_telemetry: metrics duration [codex.sse_event.duration_ms] failed: tag value contains invalid characters: qwen3.6:35b-coding
2026-10-02T19:46:16.777858Z  WARN codex_otel::events::session_telemetry: metrics counter [codex.sse_event] failed: tag value contains invalid characters: qwen3.6:35b-coding
2026-10-02T19:46:16.777933Z  WARN codex_otel::events::session_telemetry: metrics duration [codex.sse_event.duration_ms] failed: tag value contains invalid characters: qwen3.6:35b-coding
2026-10-02T19:46:16.778011Z  WARN codex_otel::events::session_telemetry: metrics counter [codex.sse_event] failed: tag value contains invalid characters: qwen3.6:35b-coding
2026-10-02T19:46:16.778042Z  WARN codex_otel::events::session_telemetry: metrics duration [codex.sse_event.duration_ms] failed: tag value contains invalid characters: qwen3.6:35b-coding
2026-10-02T19:46:17.461794Z  WARN codex_otel::events::session_telemetry: metrics counter [codex.sse_event] failed: tag value contains invalid characters: qwen3.6:35b-coding
2026-10-02T19:46:17.461899Z  WARN codex_otel::events::session_telemetry: metrics duration [codex.sse_event.duration_ms] failed: tag value contains invalid characters: qwen3.6:35b-coding
2026-10-02T19:46:17.462707Z  WARN codex_otel::events::session_telemetry: metrics counter [codex.sse_event] failed: tag value contains invalid characters: qwen3.6:35b-coding
2026-10-02T19:46:17.462742Z  WARN codex_otel::events::session_telemetry: metrics duration [codex.sse_event.duration_ms] failed: tag value contains invalid characters: qwen3.6:35b-coding
2026-10-02T19:46:17.463454Z  WARN codex_otel::events::session_telemetry: metrics counter [codex.sse_event] failed: tag value contains invalid characters: qwen3.6:35b-coding
2026-10-02T19:46:17.463484Z  WARN codex_otel::events::session_telemetry: metrics duration [codex.sse_event.duration_ms] failed: tag value contains invalid characters: qwen3.6:35b-coding
2026-10-02T19:46:17.463748Z  WARN codex_otel::events::session_telemetry: metrics counter [codex.sse_event] failed: tag value contains invalid characters: qwen3.6:35b-coding
2026-10-02T19:46:17.463779Z  WARN codex_otel::events::session_telemetry: metrics duration [codex.sse_event.duration_ms] failed: tag value contains invalid characters: qwen3.6:35b-coding
2026-10-02T19:46:17.463807Z  WARN codex_otel::events::session_telemetry: metrics counter [codex.sse_event] failed: tag value contains invalid characters: qwen3.6:35b-coding
2026-10-02T19:46:17.463824Z  WARN codex_otel::events::session_telemetry: metrics duration [codex.sse_event.duration_ms] failed: tag value contains invalid characters: qwen3.6:35b-coding
2026-10-02T19:46:17.463851Z  WARN codex_otel::events::session_telemetry: metrics counter [codex.sse_event] failed: tag value contains invalid characters: qwen3.6:35b-coding
2026-10-02T19:46:17.463862Z  WARN codex_otel::events::session_telemetry: metrics duration [codex.sse_event.duration_ms] failed: tag value contains invalid characters: qwen3.6:35b-coding
2026-10-02T19:46:17.487204Z  WARN codex_otel::events::session_telemetry: metrics counter [codex.tool.unified_exec] failed: tag value contains invalid characters: qwen3.6:35b-coding
2026-10-02T19:46:17.489892Z  WARN codex_otel::events::session_telemetry: metrics counter [codex.sse_event] failed: tag value contains invalid characters: qwen3.6:35b-coding
2026-10-02T19:46:17.489900Z  WARN codex_otel::events::session_telemetry: metrics duration [codex.sse_event.duration_ms] failed: tag value contains invalid characters: qwen3.6:35b-coding
2026-10-02T19:46:17.538951Z  WARN codex_otel::events::session_telemetry: metrics counter [codex.tool.call] failed: tag value contains invalid characters: qwen3.6:35b-coding
2026-10-02T19:46:17.538965Z  WARN codex_otel::events::session_telemetry: metrics duration [codex.tool.call.duration_ms] failed: tag value contains invalid characters: qwen3.6:35b-coding
2026-10-02T19:46:17.994066Z  WARN codex_otel::events::session_telemetry: metrics counter [codex.api_request] failed: tag value contains invalid characters: qwen3.6:35b-coding
2026-10-02T19:46:17.994140Z  WARN codex_otel::events::session_telemetry: metrics duration [codex.api_request.duration_ms] failed: tag value contains invalid characters: qwen3.6:35b-coding
2026-10-02T19:46:17.996286Z  WARN codex_otel::events::session_telemetry: metrics counter [codex.sse_event] failed: tag value contains invalid characters: qwen3.6:35b-coding
2026-10-02T19:46:17.996353Z  WARN codex_otel::events::session_telemetry: metrics duration [codex.sse_event.duration_ms] failed: tag value contains invalid characters: qwen3.6:35b-coding
2026-10-02T19:46:17.998702Z  WARN codex_otel::events::session_telemetry: metrics counter [codex.sse_event] failed: tag value contains invalid characters: qwen3.6:35b-coding
2026-10-02T19:46:17.998754Z  WARN codex_otel::events::session_telemetry: metrics duration [codex.sse_event.duration_ms] failed: tag value contains invalid characters: qwen3.6:35b-coding
2026-10-02T19:46:17.999264Z  WARN codex_otel::events::session_telemetry: metrics counter [codex.sse_event] failed: tag value contains invalid characters: qwen3.6:35b-coding
2026-10-02T19:46:17.999285Z  WARN codex_otel::events::session_telemetry: metrics duration [codex.sse_event.duration_ms] failed: tag value contains invalid characters: qwen3.6:35b-coding
2026-10-02T19:46:17.999314Z  WARN codex_otel::events::session_telemetry: metrics counter [codex.sse_event] failed: tag value contains invalid characters: qwen3.6:35b-coding
2026-10-02T19:46:17.999323Z  WARN codex_otel::events::session_telemetry: metrics duration [codex.sse_event.duration_ms] failed: tag value contains invalid characters: qwen3.6:35b-coding
2026-10-02T19:46:18.021975Z  WARN codex_otel::events::session_telemetry: metrics counter [codex.sse_event] failed: tag value contains invalid characters: qwen3.6:35b-coding
2026-10-02T19:46:18.022045Z  WARN codex_otel::events::session_telemetry: metrics duration [codex.sse_event.duration_ms] failed: tag value contains invalid characters: qwen3.6:35b-coding
2026-10-02T19:46:18.022116Z  WARN codex_otel::events::session_telemetry: metrics counter [codex.sse_event] failed: tag value contains invalid characters: qwen3.6:35b-coding
2026-10-02T19:46:18.022150Z  WARN codex_otel::events::session_telemetry: metrics duration [codex.sse_event.duration_ms] failed: tag value contains invalid characters: qwen3.6:35b-coding
2026-10-02T19:46:18.048493Z  WARN codex_otel::events::session_telemetry: metrics counter [codex.sse_event] failed: tag value contains invalid characters: qwen3.6:35b-coding
2026-10-02T19:46:18.048560Z  WARN codex_otel::events::session_telemetry: metrics duration [codex.sse_event.duration_ms] failed: tag value contains invalid characters: qwen3.6:35b-coding
2026-10-02T19:46:18.048623Z  WARN codex_otel::events::session_telemetry: metrics counter [codex.sse_event] failed: tag value contains invalid characters: qwen3.6:35b-coding
2026-10-02T19:46:18.048648Z  WARN codex_otel::events::session_telemetry: metrics duration [codex.sse_event.duration_ms] failed: tag value contains invalid characters: qwen3.6:35b-coding
2026-10-02T19:46:18.048732Z  WARN codex_otel::events::session_telemetry: metrics counter [codex.sse_event] failed: tag value contains invalid characters: qwen3.6:35b-coding
2026-10-02T19:46:18.048758Z  WARN codex_otel::events::session_telemetry: metrics duration [codex.sse_event.duration_ms] failed: tag value contains invalid characters: qwen3.6:35b-coding
2026-10-02T19:46:18.075066Z  WARN codex_otel::events::session_telemetry: metrics counter [codex.sse_event] failed: tag value contains invalid characters: qwen3.6:35b-coding
2026-10-02T19:46:18.075163Z  WARN codex_otel::events::session_telemetry: metrics duration [codex.sse_event.duration_ms] failed: tag value contains invalid characters: qwen3.6:35b-coding
2026-10-02T19:46:18.075259Z  WARN codex_otel::events::session_telemetry: metrics counter [codex.sse_event] failed: tag value contains invalid characters: qwen3.6:35b-coding
2026-10-02T19:46:18.075303Z  WARN codex_otel::events::session_telemetry: metrics duration [codex.sse_event.duration_ms] failed: tag value contains invalid characters: qwen3.6:35b-coding
2026-10-02T19:46:18.101799Z  WARN codex_otel::events::session_telemetry: metrics counter [codex.sse_event] failed: tag value contains invalid characters: qwen3.6:35b-coding
2026-10-02T19:46:18.101882Z  WARN codex_otel::events::session_telemetry: metrics duration [codex.sse_event.duration_ms] failed: tag value contains invalid characters: qwen3.6:35b-coding
2026-10-02T19:46:18.102029Z  WARN codex_otel::events::session_telemetry: metrics counter [codex.sse_event] failed: tag value contains invalid characters: qwen3.6:35b-coding
2026-10-02T19:46:18.102082Z  WARN codex_otel::events::session_telemetry: metrics duration [codex.sse_event.duration_ms] failed: tag value contains invalid characters: qwen3.6:35b-coding
2026-10-02T19:46:18.102213Z  WARN codex_otel::events::session_telemetry: metrics counter [codex.sse_event] failed: tag value contains invalid characters: qwen3.6:35b-coding
2026-10-02T19:46:18.102260Z  WARN codex_otel::events::session_telemetry: metrics duration [codex.sse_event.duration_ms] failed: tag value contains invalid characters: qwen3.6:35b-coding
2026-10-02T19:46:18.128470Z  WARN codex_otel::events::session_telemetry: metrics counter [codex.sse_event] failed: tag value contains invalid characters: qwen3.6:35b-coding
2026-10-02T19:46:18.128568Z  WARN codex_otel::events::session_telemetry: metrics duration [codex.sse_event.duration_ms] failed: tag value contains invalid characters: qwen3.6:35b-coding
2026-10-02T19:46:18.128714Z  WARN codex_otel::events::session_telemetry: metrics counter [codex.sse_event] failed: tag value contains invalid characters: qwen3.6:35b-coding
2026-10-02T19:46:18.128759Z  WARN codex_otel::events::session_telemetry: metrics duration [codex.sse_event.duration_ms] failed: tag value contains invalid characters: qwen3.6:35b-coding
2026-10-02T19:46:18.155041Z  WARN codex_otel::events::session_telemetry: metrics counter [codex.sse_event] failed: tag value contains invalid characters: qwen3.6:35b-coding
2026-10-02T19:46:18.155121Z  WARN codex_otel::events::session_telemetry: metrics duration [codex.sse_event.duration_ms] failed: tag value contains invalid characters: qwen3.6:35b-coding
2026-10-02T19:46:18.155254Z  WARN codex_otel::events::session_telemetry: metrics counter [codex.sse_event] failed: tag value contains invalid characters: qwen3.6:35b-coding
2026-10-02T19:46:18.155288Z  WARN codex_otel::events::session_telemetry: metrics duration [codex.sse_event.duration_ms] failed: tag value contains invalid characters: qwen3.6:35b-coding
2026-10-02T19:46:18.155331Z  WARN codex_otel::events::session_telemetry: metrics counter [codex.sse_event] failed: tag value contains invalid characters: qwen3.6:35b-coding
2026-10-02T19:46:18.155355Z  WARN codex_otel::events::session_telemetry: metrics duration [codex.sse_event.duration_ms] failed: tag value contains invalid characters: qwen3.6:35b-coding
2026-10-02T19:46:18.181364Z  WARN codex_otel::events::session_telemetry: metrics counter [codex.sse_event] failed: tag value contains invalid characters: qwen3.6:35b-coding
2026-10-02T19:46:18.181454Z  WARN codex_otel::events::session_telemetry: metrics duration [codex.sse_event.duration_ms] failed: tag value contains invalid characters: qwen3.6:35b-coding
2026-10-02T19:46:18.181566Z  WARN codex_otel::events::session_telemetry: metrics counter [codex.sse_event] failed: tag value contains invalid characters: qwen3.6:35b-coding
2026-10-02T19:46:18.181591Z  WARN codex_otel::events::session_telemetry: metrics duration [codex.sse_event.duration_ms] failed: tag value contains invalid characters: qwen3.6:35b-coding
2026-10-02T19:46:18.181628Z  WARN codex_otel::events::session_telemetry: metrics counter [codex.sse_event] failed: tag value contains invalid characters: qwen3.6:35b-coding
2026-10-02T19:46:18.181643Z  WARN codex_otel::events::session_telemetry: metrics duration [codex.sse_event.duration_ms] failed: tag value contains invalid characters: qwen3.6:35b-coding
2026-10-02T19:46:18.207629Z  WARN codex_otel::events::session_telemetry: metrics counter [codex.sse_event] failed: tag value contains invalid characters: qwen3.6:35b-coding
2026-10-02T19:46:18.207725Z  WARN codex_otel::events::session_telemetry: metrics duration [codex.sse_event.duration_ms] failed: tag value contains invalid characters: qwen3.6:35b-coding
2026-10-02T19:46:18.207821Z  WARN codex_otel::events::session_telemetry: metrics counter [codex.sse_event] failed: tag value contains invalid characters: qwen3.6:35b-coding
2026-10-02T19:46:18.207863Z  WARN codex_otel::events::session_telemetry: metrics duration [codex.sse_event.duration_ms] failed: tag value contains invalid characters: qwen3.6:35b-coding
2026-10-02T19:46:18.207935Z  WARN codex_otel::events::session_telemetry: metrics counter [codex.sse_event] failed: tag value contains invalid characters: qwen3.6:35b-coding
2026-10-02T19:46:18.207964Z  WARN codex_otel::events::session_telemetry: metrics duration [codex.sse_event.duration_ms] failed: tag value contains invalid characters: qwen3.6:35b-coding
2026-10-02T19:46:18.234350Z  WARN codex_otel::events::session_telemetry: metrics counter [codex.sse_event] failed: tag value contains invalid characters: qwen3.6:35b-coding
2026-10-02T19:46:18.234473Z  WARN codex_otel::events::session_telemetry: metrics duration [codex.sse_event.duration_ms] failed: tag value contains invalid characters: qwen3.6:35b-coding
2026-10-02T19:46:18.234566Z  WARN codex_otel::events::session_telemetry: metrics counter [codex.sse_event] failed: tag value contains invalid characters: qwen3.6:35b-coding
2026-10-02T19:46:18.234591Z  WARN codex_otel::events::session_telemetry: metrics duration [codex.sse_event.duration_ms] failed: tag value contains invalid characters: qwen3.6:35b-coding
2026-10-02T19:46:18.260740Z  WARN codex_otel::events::session_telemetry: metrics counter [codex.sse_event] failed: tag value contains invalid characters: qwen3.6:35b-coding
2026-10-02T19:46:18.260817Z  WARN codex_otel::events::session_telemetry: metrics duration [codex.sse_event.duration_ms] failed: tag value contains invalid characters: qwen3.6:35b-coding
2026-10-02T19:46:18.260922Z  WARN codex_otel::events::session_telemetry: metrics counter [codex.sse_event] failed: tag value contains invalid characters: qwen3.6:35b-coding
2026-10-02T19:46:18.260964Z  WARN codex_otel::events::session_telemetry: metrics duration [codex.sse_event.duration_ms] failed: tag value contains invalid characters: qwen3.6:35b-coding
2026-10-02T19:46:18.261050Z  WARN codex_otel::events::session_telemetry: metrics counter [codex.sse_event] failed: tag value contains invalid characters: qwen3.6:35b-coding
2026-10-02T19:46:18.261079Z  WARN codex_otel::events::session_telemetry: metrics duration [codex.sse_event.duration_ms] failed: tag value contains invalid characters: qwen3.6:35b-coding
2026-10-02T19:46:18.287122Z  WARN codex_otel::events::session_telemetry: metrics counter [codex.sse_event] failed: tag value contains invalid characters: qwen3.6:35b-coding
2026-10-02T19:46:18.287230Z  WARN codex_otel::events::session_telemetry: metrics duration [codex.sse_event.duration_ms] failed: tag value contains invalid characters: qwen3.6:35b-coding
2026-10-02T19:46:18.313963Z  WARN codex_otel::events::session_telemetry: metrics counter [codex.sse_event] failed: tag value contains invalid characters: qwen3.6:35b-coding
2026-10-02T19:46:18.314035Z  WARN codex_otel::events::session_telemetry: metrics duration [codex.sse_event.duration_ms] failed: tag value contains invalid characters: qwen3.6:35b-coding
2026-10-02T19:46:18.314112Z  WARN codex_otel::events::session_telemetry: metrics counter [codex.sse_event] failed: tag value contains invalid characters: qwen3.6:35b-coding
2026-10-02T19:46:18.314134Z  WARN codex_otel::events::session_telemetry: metrics duration [codex.sse_event.duration_ms] failed: tag value contains invalid characters: qwen3.6:35b-coding
2026-10-02T19:46:18.314162Z  WARN codex_otel::events::session_telemetry: metrics counter [codex.sse_event] failed: tag value contains invalid characters: qwen3.6:35b-coding
2026-10-02T19:46:18.314176Z  WARN codex_otel::events::session_telemetry: metrics duration [codex.sse_event.duration_ms] failed: tag value contains invalid characters: qwen3.6:35b-coding
2026-10-02T19:46:18.345280Z  WARN codex_otel::events::session_telemetry: metrics counter [codex.sse_event] failed: tag value contains invalid characters: qwen3.6:35b-coding
2026-10-02T19:46:18.345342Z  WARN codex_otel::events::session_telemetry: metrics duration [codex.sse_event.duration_ms] failed: tag value contains invalid characters: qwen3.6:35b-coding
2026-10-02T19:46:18.345711Z  WARN codex_otel::events::session_telemetry: metrics counter [codex.sse_event] failed: tag value contains invalid characters: qwen3.6:35b-coding
2026-10-02T19:46:18.345746Z  WARN codex_otel::events::session_telemetry: metrics duration [codex.sse_event.duration_ms] failed: tag value contains invalid characters: qwen3.6:35b-coding
2026-10-02T19:46:18.368532Z  WARN codex_otel::events::session_telemetry: metrics counter [codex.sse_event] failed: tag value contains invalid characters: qwen3.6:35b-coding
2026-10-02T19:46:18.368613Z  WARN codex_otel::events::session_telemetry: metrics duration [codex.sse_event.duration_ms] failed: tag value contains invalid characters: qwen3.6:35b-coding
2026-10-02T19:46:18.368663Z  WARN codex_otel::events::session_telemetry: metrics counter [codex.sse_event] failed: tag value contains invalid characters: qwen3.6:35b-coding
2026-10-02T19:46:18.368678Z  WARN codex_otel::events::session_telemetry: metrics duration [codex.sse_event.duration_ms] failed: tag value contains invalid characters: qwen3.6:35b-coding
2026-10-02T19:46:18.394933Z  WARN codex_otel::events::session_telemetry: metrics counter [codex.sse_event] failed: tag value contains invalid characters: qwen3.6:35b-coding
2026-10-02T19:46:18.395014Z  WARN codex_otel::events::session_telemetry: metrics duration [codex.sse_event.duration_ms] failed: tag value contains invalid characters: qwen3.6:35b-coding
2026-10-02T19:46:18.395111Z  WARN codex_otel::events::session_telemetry: metrics counter [codex.sse_event] failed: tag value contains invalid characters: qwen3.6:35b-coding
2026-10-02T19:46:18.395151Z  WARN codex_otel::events::session_telemetry: metrics duration [codex.sse_event.duration_ms] failed: tag value contains invalid characters: qwen3.6:35b-coding
2026-10-02T19:46:18.395201Z  WARN codex_otel::events::session_telemetry: metrics counter [codex.sse_event] failed: tag value contains invalid characters: qwen3.6:35b-coding
2026-10-02T19:46:18.395225Z  WARN codex_otel::events::session_telemetry: metrics duration [codex.sse_event.duration_ms] failed: tag value contains invalid characters: qwen3.6:35b-coding
2026-10-02T19:46:18.421607Z  WARN codex_otel::events::session_telemetry: metrics counter [codex.sse_event] failed: tag value contains invalid characters: qwen3.6:35b-coding
2026-10-02T19:46:18.421699Z  WARN codex_otel::events::session_telemetry: metrics duration [codex.sse_event.duration_ms] failed: tag value contains invalid characters: qwen3.6:35b-coding
2026-10-02T19:46:18.421820Z  WARN codex_otel::events::session_telemetry: metrics counter [codex.sse_event] failed: tag value contains invalid characters: qwen3.6:35b-coding
2026-10-02T19:46:18.421952Z  WARN codex_otel::events::session_telemetry: metrics duration [codex.sse_event.duration_ms] failed: tag value contains invalid characters: qwen3.6:35b-coding
2026-10-02T19:46:18.421998Z  WARN codex_otel::events::session_telemetry: metrics counter [codex.sse_event] failed: tag value contains invalid characters: qwen3.6:35b-coding
2026-10-02T19:46:18.422022Z  WARN codex_otel::events::session_telemetry: metrics duration [codex.sse_event.duration_ms] failed: tag value contains invalid characters: qwen3.6:35b-coding
2026-10-02T19:46:18.448252Z  WARN codex_otel::events::session_telemetry: metrics counter [codex.sse_event] failed: tag value contains invalid characters: qwen3.6:35b-coding
2026-10-02T19:46:18.448312Z  WARN codex_otel::events::session_telemetry: metrics duration [codex.sse_event.duration_ms] failed: tag value contains invalid characters: qwen3.6:35b-coding
2026-10-02T19:46:18.448398Z  WARN codex_otel::events::session_telemetry: metrics counter [codex.sse_event] failed: tag value contains invalid characters: qwen3.6:35b-coding
2026-10-02T19:46:18.448429Z  WARN codex_otel::events::session_telemetry: metrics duration [codex.sse_event.duration_ms] failed: tag value contains invalid characters: qwen3.6:35b-coding
2026-10-02T19:46:18.474853Z  WARN codex_otel::events::session_telemetry: metrics counter [codex.sse_event] failed: tag value contains invalid characters: qwen3.6:35b-coding
2026-10-02T19:46:18.474934Z  WARN codex_otel::events::session_telemetry: metrics duration [codex.sse_event.duration_ms] failed: tag value contains invalid characters: qwen3.6:35b-coding
2026-10-02T19:46:18.501517Z  WARN codex_otel::events::session_telemetry: metrics counter [codex.sse_event] failed: tag value contains invalid characters: qwen3.6:35b-coding
2026-10-02T19:46:18.501581Z  WARN codex_otel::events::session_telemetry: metrics duration [codex.sse_event.duration_ms] failed: tag value contains invalid characters: qwen3.6:35b-coding
2026-10-02T19:46:18.501645Z  WARN codex_otel::events::session_telemetry: metrics counter [codex.sse_event] failed: tag value contains invalid characters: qwen3.6:35b-coding
2026-10-02T19:46:18.501673Z  WARN codex_otel::events::session_telemetry: metrics duration [codex.sse_event.duration_ms] failed: tag value contains invalid characters: qwen3.6:35b-coding
2026-10-02T19:46:18.501761Z  WARN codex_otel::events::session_telemetry: metrics counter [codex.sse_event] failed: tag value contains invalid characters: qwen3.6:35b-coding
2026-10-02T19:46:18.501799Z  WARN codex_otel::events::session_telemetry: metrics duration [codex.sse_event.duration_ms] failed: tag value contains invalid characters: qwen3.6:35b-coding
2026-10-02T19:46:18.528102Z  WARN codex_otel::events::session_telemetry: metrics counter [codex.sse_event] failed: tag value contains invalid characters: qwen3.6:35b-coding
2026-10-02T19:46:18.528187Z  WARN codex_otel::events::session_telemetry: metrics duration [codex.sse_event.duration_ms] failed: tag value contains invalid characters: qwen3.6:35b-coding
2026-10-02T19:46:18.528301Z  WARN codex_otel::events::session_telemetry: metrics counter [codex.sse_event] failed: tag value contains invalid characters: qwen3.6:35b-coding
2026-10-02T19:46:18.528350Z  WARN codex_otel::events::session_telemetry: metrics duration [codex.sse_event.duration_ms] failed: tag value contains invalid characters: qwen3.6:35b-coding
2026-10-02T19:46:18.528465Z  WARN codex_otel::events::session_telemetry: metrics counter [codex.sse_event] failed: tag value contains invalid characters: qwen3.6:35b-coding
2026-10-02T19:46:18.528511Z  WARN codex_otel::events::session_telemetry: metrics duration [codex.sse_event.duration_ms] failed: tag value contains invalid characters: qwen3.6:35b-coding
2026-10-02T19:46:18.554843Z  WARN codex_otel::events::session_telemetry: metrics counter [codex.sse_event] failed: tag value contains invalid characters: qwen3.6:35b-coding
2026-10-02T19:46:18.554955Z  WARN codex_otel::events::session_telemetry: metrics duration [codex.sse_event.duration_ms] failed: tag value contains invalid characters: qwen3.6:35b-coding
2026-10-02T19:46:18.555104Z  WARN codex_otel::events::session_telemetry: metrics counter [codex.sse_event] failed: tag value contains invalid characters: qwen3.6:35b-coding
2026-10-02T19:46:18.555153Z  WARN codex_otel::events::session_telemetry: metrics duration [codex.sse_event.duration_ms] failed: tag value contains invalid characters: qwen3.6:35b-coding
2026-10-02T19:46:18.581533Z  WARN codex_otel::events::session_telemetry: metrics counter [codex.sse_event] failed: tag value contains invalid characters: qwen3.6:35b-coding
2026-10-02T19:46:18.581603Z  WARN codex_otel::events::session_telemetry: metrics duration [codex.sse_event.duration_ms] failed: tag value contains invalid characters: qwen3.6:35b-coding
2026-10-02T19:46:18.581668Z  WARN codex_otel::events::session_telemetry: metrics counter [codex.sse_event] failed: tag value contains invalid characters: qwen3.6:35b-coding
2026-10-02T19:46:18.581694Z  WARN codex_otel::events::session_telemetry: metrics duration [codex.sse_event.duration_ms] failed: tag value contains invalid characters: qwen3.6:35b-coding
2026-10-02T19:46:18.581763Z  WARN codex_otel::events::session_telemetry: metrics counter [codex.sse_event] failed: tag value contains invalid characters: qwen3.6:35b-coding
2026-10-02T19:46:18.581780Z  WARN codex_otel::events::session_telemetry: metrics duration [codex.sse_event.duration_ms] failed: tag value contains invalid characters: qwen3.6:35b-coding
2026-10-02T19:46:18.608178Z  WARN codex_otel::events::session_telemetry: metrics counter [codex.sse_event] failed: tag value contains invalid characters: qwen3.6:35b-coding
2026-10-02T19:46:18.608264Z  WARN codex_otel::events::session_telemetry: metrics duration [codex.sse_event.duration_ms] failed: tag value contains invalid characters: qwen3.6:35b-coding
2026-10-02T19:46:18.608365Z  WARN codex_otel::events::session_telemetry: metrics counter [codex.sse_event] failed: tag value contains invalid characters: qwen3.6:35b-coding
2026-10-02T19:46:18.608415Z  WARN codex_otel::events::session_telemetry: metrics duration [codex.sse_event.duration_ms] failed: tag value contains invalid characters: qwen3.6:35b-coding
2026-10-02T19:46:18.608508Z  WARN codex_otel::events::session_telemetry: metrics counter [codex.sse_event] failed: tag value contains invalid characters: qwen3.6:35b-coding
2026-10-02T19:46:18.608538Z  WARN codex_otel::events::session_telemetry: metrics duration [codex.sse_event.duration_ms] failed: tag value contains invalid characters: qwen3.6:35b-coding
2026-10-02T19:46:18.634970Z  WARN codex_otel::events::session_telemetry: metrics counter [codex.sse_event] failed: tag value contains invalid characters: qwen3.6:35b-coding
2026-10-02T19:46:18.635031Z  WARN codex_otel::events::session_telemetry: metrics duration [codex.sse_event.duration_ms] failed: tag value contains invalid characters: qwen3.6:35b-coding
2026-10-02T19:46:18.635090Z  WARN codex_otel::events::session_telemetry: metrics counter [codex.sse_event] failed: tag value contains invalid characters: qwen3.6:35b-coding
2026-10-02T19:46:18.635115Z  WARN codex_otel::events::session_telemetry: metrics duration [codex.sse_event.duration_ms] failed: tag value contains invalid characters: qwen3.6:35b-coding
2026-10-02T19:46:18.635188Z  WARN codex_otel::events::session_telemetry: metrics counter [codex.sse_event] failed: tag value contains invalid characters: qwen3.6:35b-coding
2026-10-02T19:46:18.635204Z  WARN codex_otel::events::session_telemetry: metrics duration [codex.sse_event.duration_ms] failed: tag value contains invalid characters: qwen3.6:35b-coding
2026-10-02T19:46:18.661508Z  WARN codex_otel::events::session_telemetry: metrics counter [codex.sse_event] failed: tag value contains invalid characters: qwen3.6:35b-coding
2026-10-02T19:46:18.661607Z  WARN codex_otel::events::session_telemetry: metrics duration [codex.sse_event.duration_ms] failed: tag value contains invalid characters: qwen3.6:35b-coding
2026-10-02T19:46:18.661740Z  WARN codex_otel::events::session_telemetry: metrics counter [codex.sse_event] failed: tag value contains invalid characters: qwen3.6:35b-coding
2026-10-02T19:46:18.661784Z  WARN codex_otel::events::session_telemetry: metrics duration [codex.sse_event.duration_ms] failed: tag value contains invalid characters: qwen3.6:35b-coding
2026-10-02T19:46:19.628623Z  WARN codex_otel::events::session_telemetry: metrics counter [codex.sse_event] failed: tag value contains invalid characters: qwen3.6:35b-coding
2026-10-02T19:46:19.628709Z  WARN codex_otel::events::session_telemetry: metrics duration [codex.sse_event.duration_ms] failed: tag value contains invalid characters: qwen3.6:35b-coding
2026-10-02T19:46:19.628824Z  WARN codex_otel::events::session_telemetry: metrics counter [codex.sse_event] failed: tag value contains invalid characters: qwen3.6:35b-coding
2026-10-02T19:46:19.628874Z  WARN codex_otel::events::session_telemetry: metrics duration [codex.sse_event.duration_ms] failed: tag value contains invalid characters: qwen3.6:35b-coding
2026-10-02T19:46:19.628974Z  WARN codex_otel::events::session_telemetry: metrics counter [codex.sse_event] failed: tag value contains invalid characters: qwen3.6:35b-coding
2026-10-02T19:46:19.629006Z  WARN codex_otel::events::session_telemetry: metrics duration [codex.sse_event.duration_ms] failed: tag value contains invalid characters: qwen3.6:35b-coding
2026-10-02T19:46:19.629097Z  WARN codex_otel::events::session_telemetry: metrics counter [codex.sse_event] failed: tag value contains invalid characters: qwen3.6:35b-coding
2026-10-02T19:46:19.629122Z  WARN codex_otel::events::session_telemetry: metrics duration [codex.sse_event.duration_ms] failed: tag value contains invalid characters: qwen3.6:35b-coding
2026-10-02T19:46:19.629173Z  WARN codex_otel::events::session_telemetry: metrics counter [codex.sse_event] failed: tag value contains invalid characters: qwen3.6:35b-coding
2026-10-02T19:46:19.629196Z  WARN codex_otel::events::session_telemetry: metrics duration [codex.sse_event.duration_ms] failed: tag value contains invalid characters: qwen3.6:35b-coding
2026-10-02T19:46:19.629246Z  WARN codex_otel::events::session_telemetry: metrics counter [codex.sse_event] failed: tag value contains invalid characters: qwen3.6:35b-coding
2026-10-02T19:46:19.629269Z  WARN codex_otel::events::session_telemetry: metrics duration [codex.sse_event.duration_ms] failed: tag value contains invalid characters: qwen3.6:35b-coding
2026-10-02T19:46:19.633853Z  WARN codex_otel::events::session_telemetry: metrics counter [codex.sse_event] failed: tag value contains invalid characters: qwen3.6:35b-coding
2026-10-02T19:46:19.633878Z  WARN codex_otel::events::session_telemetry: metrics duration [codex.sse_event.duration_ms] failed: tag value contains invalid characters: qwen3.6:35b-coding
2026-10-02T19:46:19.634242Z  WARN codex_otel::events::session_telemetry: metrics counter [codex.tool.unified_exec] failed: tag value contains invalid characters: qwen3.6:35b-coding
2026-10-02T19:46:19.686070Z  WARN codex_otel::events::session_telemetry: metrics counter [codex.tool.call] failed: tag value contains invalid characters: qwen3.6:35b-coding
2026-10-02T19:46:19.686092Z  WARN codex_otel::events::session_telemetry: metrics duration [codex.tool.call.duration_ms] failed: tag value contains invalid characters: qwen3.6:35b-coding
2026-10-02T19:46:20.051524Z  WARN codex_otel::events::session_telemetry: metrics counter [codex.api_request] failed: tag value contains invalid characters: qwen3.6:35b-coding
2026-10-02T19:46:20.051627Z  WARN codex_otel::events::session_telemetry: metrics duration [codex.api_request.duration_ms] failed: tag value contains invalid characters: qwen3.6:35b-coding
2026-10-02T19:46:20.052916Z  WARN codex_otel::events::session_telemetry: metrics counter [codex.sse_event] failed: tag value contains invalid characters: qwen3.6:35b-coding
2026-10-02T19:46:20.052964Z  WARN codex_otel::events::session_telemetry: metrics duration [codex.sse_event.duration_ms] failed: tag value contains invalid characters: qwen3.6:35b-coding
2026-10-02T19:46:20.054607Z  WARN codex_otel::events::session_telemetry: metrics counter [codex.sse_event] failed: tag value contains invalid characters: qwen3.6:35b-coding
2026-10-02T19:46:20.054639Z  WARN codex_otel::events::session_telemetry: metrics duration [codex.sse_event.duration_ms] failed: tag value contains invalid characters: qwen3.6:35b-coding
2026-10-02T19:46:20.055463Z  WARN codex_otel::events::session_telemetry: metrics counter [codex.sse_event] failed: tag value contains invalid characters: qwen3.6:35b-coding
2026-10-02T19:46:20.055488Z  WARN codex_otel::events::session_telemetry: metrics duration [codex.sse_event.duration_ms] failed: tag value contains invalid characters: qwen3.6:35b-coding
2026-10-02T19:46:20.055514Z  WARN codex_otel::events::session_telemetry: metrics counter [codex.sse_event] failed: tag value contains invalid characters: qwen3.6:35b-coding
2026-10-02T19:46:20.055527Z  WARN codex_otel::events::session_telemetry: metrics duration [codex.sse_event.duration_ms] failed: tag value contains invalid characters: qwen3.6:35b-coding
2026-10-02T19:46:20.081501Z  WARN codex_otel::events::session_telemetry: metrics counter [codex.sse_event] failed: tag value contains invalid characters: qwen3.6:35b-coding
2026-10-02T19:46:20.081578Z  WARN codex_otel::events::session_telemetry: metrics duration [codex.sse_event.duration_ms] failed: tag value contains invalid characters: qwen3.6:35b-coding
2026-10-02T19:46:20.081713Z  WARN codex_otel::events::session_telemetry: metrics counter [codex.sse_event] failed: tag value contains invalid characters: qwen3.6:35b-coding
2026-10-02T19:46:20.081727Z  WARN codex_otel::events::session_telemetry: metrics duration [codex.sse_event.duration_ms] failed: tag value contains invalid characters: qwen3.6:35b-coding
2026-10-02T19:46:20.108853Z  WARN codex_otel::events::session_telemetry: metrics counter [codex.sse_event] failed: tag value contains invalid characters: qwen3.6:35b-coding
2026-10-02T19:46:20.108927Z  WARN codex_otel::events::session_telemetry: metrics duration [codex.sse_event.duration_ms] failed: tag value contains invalid characters: qwen3.6:35b-coding
2026-10-02T19:46:20.108999Z  WARN codex_otel::events::session_telemetry: metrics counter [codex.sse_event] failed: tag value contains invalid characters: qwen3.6:35b-coding
2026-10-02T19:46:20.109046Z  WARN codex_otel::events::session_telemetry: metrics duration [codex.sse_event.duration_ms] failed: tag value contains invalid characters: qwen3.6:35b-coding
2026-10-02T19:46:20.109133Z  WARN codex_otel::events::session_telemetry: metrics counter [codex.sse_event] failed: tag value contains invalid characters: qwen3.6:35b-coding
2026-10-02T19:46:20.109156Z  WARN codex_otel::events::session_telemetry: metrics duration [codex.sse_event.duration_ms] failed: tag value contains invalid characters: qwen3.6:35b-coding
2026-10-02T19:46:20.136229Z  WARN codex_otel::events::session_telemetry: metrics counter [codex.sse_event] failed: tag value contains invalid characters: qwen3.6:35b-coding
2026-10-02T19:46:20.136297Z  WARN codex_otel::events::session_telemetry: metrics duration [codex.sse_event.duration_ms] failed: tag value contains invalid characters: qwen3.6:35b-coding
2026-10-02T19:46:20.136368Z  WARN codex_otel::events::session_telemetry: metrics counter [codex.sse_event] failed: tag value contains invalid characters: qwen3.6:35b-coding
2026-10-02T19:46:20.136400Z  WARN codex_otel::events::session_telemetry: metrics duration [codex.sse_event.duration_ms] failed: tag value contains invalid characters: qwen3.6:35b-coding
2026-10-02T19:46:20.136437Z  WARN codex_otel::events::session_telemetry: metrics counter [codex.sse_event] failed: tag value contains invalid characters: qwen3.6:35b-coding
2026-10-02T19:46:20.136455Z  WARN codex_otel::events::session_telemetry: metrics duration [codex.sse_event.duration_ms] failed: tag value contains invalid characters: qwen3.6:35b-coding
2026-10-02T19:46:20.163607Z  WARN codex_otel::events::session_telemetry: metrics counter [codex.sse_event] failed: tag value contains invalid characters: qwen3.6:35b-coding
2026-10-02T19:46:20.163678Z  WARN codex_otel::events::session_telemetry: metrics duration [codex.sse_event.duration_ms] failed: tag value contains invalid characters: qwen3.6:35b-coding
2026-10-02T19:46:20.163755Z  WARN codex_otel::events::session_telemetry: metrics counter [codex.sse_event] failed: tag value contains invalid characters: qwen3.6:35b-coding
2026-10-02T19:46:20.163787Z  WARN codex_otel::events::session_telemetry: metrics duration [codex.sse_event.duration_ms] failed: tag value contains invalid characters: qwen3.6:35b-coding
2026-10-02T19:46:20.163871Z  WARN codex_otel::events::session_telemetry: metrics counter [codex.sse_event] failed: tag value contains invalid characters: qwen3.6:35b-coding
2026-10-02T19:46:20.163888Z  WARN codex_otel::events::session_telemetry: metrics duration [codex.sse_event.duration_ms] failed: tag value contains invalid characters: qwen3.6:35b-coding
2026-10-02T19:46:20.191089Z  WARN codex_otel::events::session_telemetry: metrics counter [codex.sse_event] failed: tag value contains invalid characters: qwen3.6:35b-coding
2026-10-02T19:46:20.191145Z  WARN codex_otel::events::session_telemetry: metrics duration [codex.sse_event.duration_ms] failed: tag value contains invalid characters: qwen3.6:35b-coding
2026-10-02T19:46:20.191249Z  WARN codex_otel::events::session_telemetry: metrics counter [codex.sse_event] failed: tag value contains invalid characters: qwen3.6:35b-coding
2026-10-02T19:46:20.191272Z  WARN codex_otel::events::session_telemetry: metrics duration [codex.sse_event.duration_ms] failed: tag value contains invalid characters: qwen3.6:35b-coding
2026-10-02T19:46:20.191332Z  WARN codex_otel::events::session_telemetry: metrics counter [codex.sse_event] failed: tag value contains invalid characters: qwen3.6:35b-coding
2026-10-02T19:46:20.191351Z  WARN codex_otel::events::session_telemetry: metrics duration [codex.sse_event.duration_ms] failed: tag value contains invalid characters: qwen3.6:35b-coding
2026-10-02T19:46:20.218373Z  WARN codex_otel::events::session_telemetry: metrics counter [codex.sse_event] failed: tag value contains invalid characters: qwen3.6:35b-coding
2026-10-02T19:46:20.218443Z  WARN codex_otel::events::session_telemetry: metrics duration [codex.sse_event.duration_ms] failed: tag value contains invalid characters: qwen3.6:35b-coding
2026-10-02T19:46:20.246674Z  WARN codex_otel::events::session_telemetry: metrics counter [codex.sse_event] failed: tag value contains invalid characters: qwen3.6:35b-coding
2026-10-02T19:46:20.246757Z  WARN codex_otel::events::session_telemetry: metrics duration [codex.sse_event.duration_ms] failed: tag value contains invalid characters: qwen3.6:35b-coding
2026-10-02T19:46:20.246856Z  WARN codex_otel::events::session_telemetry: metrics counter [codex.sse_event] failed: tag value contains invalid characters: qwen3.6:35b-coding
2026-10-02T19:46:20.246937Z  WARN codex_otel::events::session_telemetry: metrics duration [codex.sse_event.duration_ms] failed: tag value contains invalid characters: qwen3.6:35b-coding
2026-10-02T19:46:20.274711Z  WARN codex_otel::events::session_telemetry: metrics counter [codex.sse_event] failed: tag value contains invalid characters: qwen3.6:35b-coding
2026-10-02T19:46:20.274810Z  WARN codex_otel::events::session_telemetry: metrics duration [codex.sse_event.duration_ms] failed: tag value contains invalid characters: qwen3.6:35b-coding
2026-10-02T19:46:20.274902Z  WARN codex_otel::events::session_telemetry: metrics counter [codex.sse_event] failed: tag value contains invalid characters: qwen3.6:35b-coding
2026-10-02T19:46:20.274954Z  WARN codex_otel::events::session_telemetry: metrics duration [codex.sse_event.duration_ms] failed: tag value contains invalid characters: qwen3.6:35b-coding
2026-10-02T19:46:20.275060Z  WARN codex_otel::events::session_telemetry: metrics counter [codex.sse_event] failed: tag value contains invalid characters: qwen3.6:35b-coding
2026-10-02T19:46:20.275090Z  WARN codex_otel::events::session_telemetry: metrics duration [codex.sse_event.duration_ms] failed: tag value contains invalid characters: qwen3.6:35b-coding
2026-10-02T19:46:20.302545Z  WARN codex_otel::events::session_telemetry: metrics counter [codex.sse_event] failed: tag value contains invalid characters: qwen3.6:35b-coding
2026-10-02T19:46:20.302622Z  WARN codex_otel::events::session_telemetry: metrics duration [codex.sse_event.duration_ms] failed: tag value contains invalid characters: qwen3.6:35b-coding
2026-10-02T19:46:20.302707Z  WARN codex_otel::events::session_telemetry: metrics counter [codex.sse_event] failed: tag value contains invalid characters: qwen3.6:35b-coding
2026-10-02T19:46:20.302747Z  WARN codex_otel::events::session_telemetry: metrics duration [codex.sse_event.duration_ms] failed: tag value contains invalid characters: qwen3.6:35b-coding
2026-10-02T19:46:20.329425Z  WARN codex_otel::events::session_telemetry: metrics counter [codex.sse_event] failed: tag value contains invalid characters: qwen3.6:35b-coding
2026-10-02T19:46:20.329555Z  WARN codex_otel::events::session_telemetry: metrics duration [codex.sse_event.duration_ms] failed: tag value contains invalid characters: qwen3.6:35b-coding
2026-10-02T19:46:20.329631Z  WARN codex_otel::events::session_telemetry: metrics counter [codex.sse_event] failed: tag value contains invalid characters: qwen3.6:35b-coding
2026-10-02T19:46:20.329651Z  WARN codex_otel::events::session_telemetry: metrics duration [codex.sse_event.duration_ms] failed: tag value contains invalid characters: qwen3.6:35b-coding
2026-10-02T19:46:20.329696Z  WARN codex_otel::events::session_telemetry: metrics counter [codex.sse_event] failed: tag value contains invalid characters: qwen3.6:35b-coding
2026-10-02T19:46:20.329708Z  WARN codex_otel::events::session_telemetry: metrics duration [codex.sse_event.duration_ms] failed: tag value contains invalid characters: qwen3.6:35b-coding
2026-10-02T19:46:20.356546Z  WARN codex_otel::events::session_telemetry: metrics counter [codex.sse_event] failed: tag value contains invalid characters: qwen3.6:35b-coding
2026-10-02T19:46:20.356629Z  WARN codex_otel::events::session_telemetry: metrics duration [codex.sse_event.duration_ms] failed: tag value contains invalid characters: qwen3.6:35b-coding
2026-10-02T19:46:20.356733Z  WARN codex_otel::events::session_telemetry: metrics counter [codex.sse_event] failed: tag value contains invalid characters: qwen3.6:35b-coding
2026-10-02T19:46:20.356784Z  WARN codex_otel::events::session_telemetry: metrics duration [codex.sse_event.duration_ms] failed: tag value contains invalid characters: qwen3.6:35b-coding
2026-10-02T19:46:20.356889Z  WARN codex_otel::events::session_telemetry: metrics counter [codex.sse_event] failed: tag value contains invalid characters: qwen3.6:35b-coding
2026-10-02T19:46:20.356915Z  WARN codex_otel::events::session_telemetry: metrics duration [codex.sse_event.duration_ms] failed: tag value contains invalid characters: qwen3.6:35b-coding
2026-10-02T19:46:20.384086Z  WARN codex_otel::events::session_telemetry: metrics counter [codex.sse_event] failed: tag value contains invalid characters: qwen3.6:35b-coding
2026-10-02T19:46:20.384149Z  WARN codex_otel::events::session_telemetry: metrics duration [codex.sse_event.duration_ms] failed: tag value contains invalid characters: qwen3.6:35b-coding
2026-10-02T19:46:20.384232Z  WARN codex_otel::events::session_telemetry: metrics counter [codex.sse_event] failed: tag value contains invalid characters: qwen3.6:35b-coding
2026-10-02T19:46:20.384265Z  WARN codex_otel::events::session_telemetry: metrics duration [codex.sse_event.duration_ms] failed: tag value contains invalid characters: qwen3.6:35b-coding
2026-10-02T19:46:21.913136Z  WARN codex_otel::events::session_telemetry: metrics counter [codex.sse_event] failed: tag value contains invalid characters: qwen3.6:35b-coding
2026-10-02T19:46:21.913220Z  WARN codex_otel::events::session_telemetry: metrics duration [codex.sse_event.duration_ms] failed: tag value contains invalid characters: qwen3.6:35b-coding
2026-10-02T19:46:21.913386Z  WARN codex_otel::events::session_telemetry: metrics counter [codex.sse_event] failed: tag value contains invalid characters: qwen3.6:35b-coding
2026-10-02T19:46:21.913434Z  WARN codex_otel::events::session_telemetry: metrics duration [codex.sse_event.duration_ms] failed: tag value contains invalid characters: qwen3.6:35b-coding
2026-10-02T19:46:21.913584Z  WARN codex_otel::events::session_telemetry: metrics counter [codex.sse_event] failed: tag value contains invalid characters: qwen3.6:35b-coding
2026-10-02T19:46:21.913605Z  WARN codex_otel::events::session_telemetry: metrics duration [codex.sse_event.duration_ms] failed: tag value contains invalid characters: qwen3.6:35b-coding
2026-10-02T19:46:21.913666Z  WARN codex_otel::events::session_telemetry: metrics counter [codex.sse_event] failed: tag value contains invalid characters: qwen3.6:35b-coding
2026-10-02T19:46:21.913694Z  WARN codex_otel::events::session_telemetry: metrics duration [codex.sse_event.duration_ms] failed: tag value contains invalid characters: qwen3.6:35b-coding
2026-10-02T19:46:21.913753Z  WARN codex_otel::events::session_telemetry: metrics counter [codex.sse_event] failed: tag value contains invalid characters: qwen3.6:35b-coding
2026-10-02T19:46:21.913768Z  WARN codex_otel::events::session_telemetry: metrics duration [codex.sse_event.duration_ms] failed: tag value contains invalid characters: qwen3.6:35b-coding
2026-10-02T19:46:21.913802Z  WARN codex_otel::events::session_telemetry: metrics counter [codex.sse_event] failed: tag value contains invalid characters: qwen3.6:35b-coding
2026-10-02T19:46:21.913815Z  WARN codex_otel::events::session_telemetry: metrics duration [codex.sse_event.duration_ms] failed: tag value contains invalid characters: qwen3.6:35b-coding
2026-10-02T19:46:21.917586Z  WARN codex_otel::events::session_telemetry: metrics counter [codex.sse_event] failed: tag value contains invalid characters: qwen3.6:35b-coding
2026-10-02T19:46:21.917608Z  WARN codex_otel::events::session_telemetry: metrics duration [codex.sse_event.duration_ms] failed: tag value contains invalid characters: qwen3.6:35b-coding
2026-10-02T19:46:21.919664Z  WARN codex_otel::events::session_telemetry: metrics counter [codex.tool.unified_exec] failed: tag value contains invalid characters: qwen3.6:35b-coding
2026-10-02T19:46:21.970648Z  WARN codex_otel::events::session_telemetry: metrics counter [codex.tool.call] failed: tag value contains invalid characters: qwen3.6:35b-coding
2026-10-02T19:46:21.970662Z  WARN codex_otel::events::session_telemetry: metrics duration [codex.tool.call.duration_ms] failed: tag value contains invalid characters: qwen3.6:35b-coding
2026-10-02T19:46:22.275015Z  WARN codex_otel::events::session_telemetry: metrics counter [codex.api_request] failed: tag value contains invalid characters: qwen3.6:35b-coding
2026-10-02T19:46:22.275083Z  WARN codex_otel::events::session_telemetry: metrics duration [codex.api_request.duration_ms] failed: tag value contains invalid characters: qwen3.6:35b-coding
2026-10-02T19:46:22.276394Z  WARN codex_otel::events::session_telemetry: metrics counter [codex.sse_event] failed: tag value contains invalid characters: qwen3.6:35b-coding
2026-10-02T19:46:22.276436Z  WARN codex_otel::events::session_telemetry: metrics duration [codex.sse_event.duration_ms] failed: tag value contains invalid characters: qwen3.6:35b-coding
2026-10-02T19:46:22.278038Z  WARN codex_otel::events::session_telemetry: metrics counter [codex.sse_event] failed: tag value contains invalid characters: qwen3.6:35b-coding
2026-10-02T19:46:22.278093Z  WARN codex_otel::events::session_telemetry: metrics duration [codex.sse_event.duration_ms] failed: tag value contains invalid characters: qwen3.6:35b-coding
2026-10-02T19:46:22.278772Z  WARN codex_otel::events::session_telemetry: metrics counter [codex.sse_event] failed: tag value contains invalid characters: qwen3.6:35b-coding
2026-10-02T19:46:22.278795Z  WARN codex_otel::events::session_telemetry: metrics duration [codex.sse_event.duration_ms] failed: tag value contains invalid characters: qwen3.6:35b-coding
2026-10-02T19:46:22.278831Z  WARN codex_otel::events::session_telemetry: metrics counter [codex.sse_event] failed: tag value contains invalid characters: qwen3.6:35b-coding
2026-10-02T19:46:22.278844Z  WARN codex_otel::events::session_telemetry: metrics duration [codex.sse_event.duration_ms] failed: tag value contains invalid characters: qwen3.6:35b-coding
2026-10-02T19:46:22.303598Z  WARN codex_otel::events::session_telemetry: metrics counter [codex.sse_event] failed: tag value contains invalid characters: qwen3.6:35b-coding
2026-10-02T19:46:22.303666Z  WARN codex_otel::events::session_telemetry: metrics duration [codex.sse_event.duration_ms] failed: tag value contains invalid characters: qwen3.6:35b-coding
2026-10-02T19:46:22.303728Z  WARN codex_otel::events::session_telemetry: metrics counter [codex.sse_event] failed: tag value contains invalid characters: qwen3.6:35b-coding
2026-10-02T19:46:22.303758Z  WARN codex_otel::events::session_telemetry: metrics duration [codex.sse_event.duration_ms] failed: tag value contains invalid characters: qwen3.6:35b-coding
2026-10-02T19:46:22.330378Z  WARN codex_otel::events::session_telemetry: metrics counter [codex.sse_event] failed: tag value contains invalid characters: qwen3.6:35b-coding
2026-10-02T19:46:22.330454Z  WARN codex_otel::events::session_telemetry: metrics duration [codex.sse_event.duration_ms] failed: tag value contains invalid characters: qwen3.6:35b-coding
2026-10-02T19:46:22.330518Z  WARN codex_otel::events::session_telemetry: metrics counter [codex.sse_event] failed: tag value contains invalid characters: qwen3.6:35b-coding
2026-10-02T19:46:22.330561Z  WARN codex_otel::events::session_telemetry: metrics duration [codex.sse_event.duration_ms] failed: tag value contains invalid characters: qwen3.6:35b-coding
2026-10-02T19:46:22.330639Z  WARN codex_otel::events::session_telemetry: metrics counter [codex.sse_event] failed: tag value contains invalid characters: qwen3.6:35b-coding
2026-10-02T19:46:22.330655Z  WARN codex_otel::events::session_telemetry: metrics duration [codex.sse_event.duration_ms] failed: tag value contains invalid characters: qwen3.6:35b-coding
2026-10-02T19:46:22.356991Z  WARN codex_otel::events::session_telemetry: metrics counter [codex.sse_event] failed: tag value contains invalid characters: qwen3.6:35b-coding
2026-10-02T19:46:22.357074Z  WARN codex_otel::events::session_telemetry: metrics duration [codex.sse_event.duration_ms] failed: tag value contains invalid characters: qwen3.6:35b-coding
2026-10-02T19:46:22.357169Z  WARN codex_otel::events::session_telemetry: metrics counter [codex.sse_event] failed: tag value contains invalid characters: qwen3.6:35b-coding
2026-10-02T19:46:22.357220Z  WARN codex_otel::events::session_telemetry: metrics duration [codex.sse_event.duration_ms] failed: tag value contains invalid characters: qwen3.6:35b-coding
2026-10-02T19:46:22.383664Z  WARN codex_otel::events::session_telemetry: metrics counter [codex.sse_event] failed: tag value contains invalid characters: qwen3.6:35b-coding
2026-10-02T19:46:22.383735Z  WARN codex_otel::events::session_telemetry: metrics duration [codex.sse_event.duration_ms] failed: tag value contains invalid characters: qwen3.6:35b-coding
2026-10-02T19:46:22.383800Z  WARN codex_otel::events::session_telemetry: metrics counter [codex.sse_event] failed: tag value contains invalid characters: qwen3.6:35b-coding
2026-10-02T19:46:22.383823Z  WARN codex_otel::events::session_telemetry: metrics duration [codex.sse_event.duration_ms] failed: tag value contains invalid characters: qwen3.6:35b-coding
2026-10-02T19:46:22.383913Z  WARN codex_otel::events::session_telemetry: metrics counter [codex.sse_event] failed: tag value contains invalid characters: qwen3.6:35b-coding
2026-10-02T19:46:22.383927Z  WARN codex_otel::events::session_telemetry: metrics duration [codex.sse_event.duration_ms] failed: tag value contains invalid characters: qwen3.6:35b-coding
2026-10-02T19:46:22.410712Z  WARN codex_otel::events::session_telemetry: metrics counter [codex.sse_event] failed: tag value contains invalid characters: qwen3.6:35b-coding
2026-10-02T19:46:22.410795Z  WARN codex_otel::events::session_telemetry: metrics duration [codex.sse_event.duration_ms] failed: tag value contains invalid characters: qwen3.6:35b-coding
2026-10-02T19:46:22.410878Z  WARN codex_otel::events::session_telemetry: metrics counter [codex.sse_event] failed: tag value contains invalid characters: qwen3.6:35b-coding
2026-10-02T19:46:22.410900Z  WARN codex_otel::events::session_telemetry: metrics duration [codex.sse_event.duration_ms] failed: tag value contains invalid characters: qwen3.6:35b-coding
2026-10-02T19:46:22.410939Z  WARN codex_otel::events::session_telemetry: metrics counter [codex.sse_event] failed: tag value contains invalid characters: qwen3.6:35b-coding
2026-10-02T19:46:22.410964Z  WARN codex_otel::events::session_telemetry: metrics duration [codex.sse_event.duration_ms] failed: tag value contains invalid characters: qwen3.6:35b-coding
2026-10-02T19:46:22.437332Z  WARN codex_otel::events::session_telemetry: metrics counter [codex.sse_event] failed: tag value contains invalid characters: qwen3.6:35b-coding
2026-10-02T19:46:22.437411Z  WARN codex_otel::events::session_telemetry: metrics duration [codex.sse_event.duration_ms] failed: tag value contains invalid characters: qwen3.6:35b-coding
2026-10-02T19:46:23.000848Z  WARN codex_otel::events::session_telemetry: metrics counter [codex.sse_event] failed: tag value contains invalid characters: qwen3.6:35b-coding
2026-10-02T19:46:23.000926Z  WARN codex_otel::events::session_telemetry: metrics duration [codex.sse_event.duration_ms] failed: tag value contains invalid characters: qwen3.6:35b-coding
2026-10-02T19:46:23.001065Z  WARN codex_otel::events::session_telemetry: metrics counter [codex.sse_event] failed: tag value contains invalid characters: qwen3.6:35b-coding
2026-10-02T19:46:23.001098Z  WARN codex_otel::events::session_telemetry: metrics duration [codex.sse_event.duration_ms] failed: tag value contains invalid characters: qwen3.6:35b-coding
2026-10-02T19:46:23.001161Z  WARN codex_otel::events::session_telemetry: metrics counter [codex.sse_event] failed: tag value contains invalid characters: qwen3.6:35b-coding
2026-10-02T19:46:23.001190Z  WARN codex_otel::events::session_telemetry: metrics duration [codex.sse_event.duration_ms] failed: tag value contains invalid characters: qwen3.6:35b-coding
2026-10-02T19:46:23.001234Z  WARN codex_otel::events::session_telemetry: metrics counter [codex.sse_event] failed: tag value contains invalid characters: qwen3.6:35b-coding
2026-10-02T19:46:23.001249Z  WARN codex_otel::events::session_telemetry: metrics duration [codex.sse_event.duration_ms] failed: tag value contains invalid characters: qwen3.6:35b-coding
2026-10-02T19:46:23.001274Z  WARN codex_otel::events::session_telemetry: metrics counter [codex.sse_event] failed: tag value contains invalid characters: qwen3.6:35b-coding
2026-10-02T19:46:23.001288Z  WARN codex_otel::events::session_telemetry: metrics duration [codex.sse_event.duration_ms] failed: tag value contains invalid characters: qwen3.6:35b-coding
2026-10-02T19:46:23.001315Z  WARN codex_otel::events::session_telemetry: metrics counter [codex.sse_event] failed: tag value contains invalid characters: qwen3.6:35b-coding
2026-10-02T19:46:23.001328Z  WARN codex_otel::events::session_telemetry: metrics duration [codex.sse_event.duration_ms] failed: tag value contains invalid characters: qwen3.6:35b-coding
2026-10-02T19:46:23.004049Z  WARN codex_otel::events::session_telemetry: metrics counter [codex.sse_event] failed: tag value contains invalid characters: qwen3.6:35b-coding
2026-10-02T19:46:23.004077Z  WARN codex_otel::events::session_telemetry: metrics duration [codex.sse_event.duration_ms] failed: tag value contains invalid characters: qwen3.6:35b-coding
2026-10-02T19:46:23.010233Z  WARN codex_otel::events::session_telemetry: metrics counter [codex.tool.unified_exec] failed: tag value contains invalid characters: qwen3.6:35b-coding
2026-10-02T19:46:23.177487Z  WARN codex_otel::events::session_telemetry: metrics counter [codex.tool.call] failed: tag value contains invalid characters: qwen3.6:35b-coding
2026-10-02T19:46:23.177498Z  WARN codex_otel::events::session_telemetry: metrics duration [codex.tool.call.duration_ms] failed: tag value contains invalid characters: qwen3.6:35b-coding
2026-10-02T19:46:23.572416Z  WARN codex_otel::events::session_telemetry: metrics counter [codex.api_request] failed: tag value contains invalid characters: qwen3.6:35b-coding
2026-10-02T19:46:23.572474Z  WARN codex_otel::events::session_telemetry: metrics duration [codex.api_request.duration_ms] failed: tag value contains invalid characters: qwen3.6:35b-coding
2026-10-02T19:46:23.574442Z  WARN codex_otel::events::session_telemetry: metrics counter [codex.sse_event] failed: tag value contains invalid characters: qwen3.6:35b-coding
2026-10-02T19:46:23.574489Z  WARN codex_otel::events::session_telemetry: metrics duration [codex.sse_event.duration_ms] failed: tag value contains invalid characters: qwen3.6:35b-coding
2026-10-02T19:46:23.576514Z  WARN codex_otel::events::session_telemetry: metrics counter [codex.sse_event] failed: tag value contains invalid characters: qwen3.6:35b-coding
2026-10-02T19:46:23.576546Z  WARN codex_otel::events::session_telemetry: metrics duration [codex.sse_event.duration_ms] failed: tag value contains invalid characters: qwen3.6:35b-coding
2026-10-02T19:46:23.577073Z  WARN codex_otel::events::session_telemetry: metrics counter [codex.sse_event] failed: tag value contains invalid characters: qwen3.6:35b-coding
2026-10-02T19:46:23.577089Z  WARN codex_otel::events::session_telemetry: metrics duration [codex.sse_event.duration_ms] failed: tag value contains invalid characters: qwen3.6:35b-coding
2026-10-02T19:46:23.577114Z  WARN codex_otel::events::session_telemetry: metrics counter [codex.sse_event] failed: tag value contains invalid characters: qwen3.6:35b-coding
2026-10-02T19:46:23.577125Z  WARN codex_otel::events::session_telemetry: metrics duration [codex.sse_event.duration_ms] failed: tag value contains invalid characters: qwen3.6:35b-coding
2026-10-02T19:46:23.601217Z  WARN codex_otel::events::session_telemetry: metrics counter [codex.sse_event] failed: tag value contains invalid characters: qwen3.6:35b-coding
2026-10-02T19:46:23.601288Z  WARN codex_otel::events::session_telemetry: metrics duration [codex.sse_event.duration_ms] failed: tag value contains invalid characters: qwen3.6:35b-coding
2026-10-02T19:46:23.601346Z  WARN codex_otel::events::session_telemetry: metrics counter [codex.sse_event] failed: tag value contains invalid characters: qwen3.6:35b-coding
2026-10-02T19:46:23.601373Z  WARN codex_otel::events::session_telemetry: metrics duration [codex.sse_event.duration_ms] failed: tag value contains invalid characters: qwen3.6:35b-coding
2026-10-02T19:46:23.601437Z  WARN codex_otel::events::session_telemetry: metrics counter [codex.sse_event] failed: tag value contains invalid characters: qwen3.6:35b-coding
2026-10-02T19:46:23.601463Z  WARN codex_otel::events::session_telemetry: metrics duration [codex.sse_event.duration_ms] failed: tag value contains invalid characters: qwen3.6:35b-coding
2026-10-02T19:46:23.628116Z  WARN codex_otel::events::session_telemetry: metrics counter [codex.sse_event] failed: tag value contains invalid characters: qwen3.6:35b-coding
2026-10-02T19:46:23.628200Z  WARN codex_otel::events::session_telemetry: metrics duration [codex.sse_event.duration_ms] failed: tag value contains invalid characters: qwen3.6:35b-coding
2026-10-02T19:46:23.628293Z  WARN codex_otel::events::session_telemetry: metrics counter [codex.sse_event] failed: tag value contains invalid characters: qwen3.6:35b-coding
2026-10-02T19:46:23.628344Z  WARN codex_otel::events::session_telemetry: metrics duration [codex.sse_event.duration_ms] failed: tag value contains invalid characters: qwen3.6:35b-coding
2026-10-02T19:46:23.654813Z  WARN codex_otel::events::session_telemetry: metrics counter [codex.sse_event] failed: tag value contains invalid characters: qwen3.6:35b-coding
2026-10-02T19:46:23.654890Z  WARN codex_otel::events::session_telemetry: metrics duration [codex.sse_event.duration_ms] failed: tag value contains invalid characters: qwen3.6:35b-coding
2026-10-02T19:46:23.654987Z  WARN codex_otel::events::session_telemetry: metrics counter [codex.sse_event] failed: tag value contains invalid characters: qwen3.6:35b-coding
2026-10-02T19:46:23.655037Z  WARN codex_otel::events::session_telemetry: metrics duration [codex.sse_event.duration_ms] failed: tag value contains invalid characters: qwen3.6:35b-coding
2026-10-02T19:46:23.681698Z  WARN codex_otel::events::session_telemetry: metrics counter [codex.sse_event] failed: tag value contains invalid characters: qwen3.6:35b-coding
2026-10-02T19:46:23.681771Z  WARN codex_otel::events::session_telemetry: metrics duration [codex.sse_event.duration_ms] failed: tag value contains invalid characters: qwen3.6:35b-coding
2026-10-02T19:46:23.681832Z  WARN codex_otel::events::session_telemetry: metrics counter [codex.sse_event] failed: tag value contains invalid characters: qwen3.6:35b-coding
2026-10-02T19:46:23.681853Z  WARN codex_otel::events::session_telemetry: metrics duration [codex.sse_event.duration_ms] failed: tag value contains invalid characters: qwen3.6:35b-coding
2026-10-02T19:46:23.681931Z  WARN codex_otel::events::session_telemetry: metrics counter [codex.sse_event] failed: tag value contains invalid characters: qwen3.6:35b-coding
2026-10-02T19:46:23.681949Z  WARN codex_otel::events::session_telemetry: metrics duration [codex.sse_event.duration_ms] failed: tag value contains invalid characters: qwen3.6:35b-coding
2026-10-02T19:46:23.708708Z  WARN codex_otel::events::session_telemetry: metrics counter [codex.sse_event] failed: tag value contains invalid characters: qwen3.6:35b-coding
2026-10-02T19:46:23.708793Z  WARN codex_otel::events::session_telemetry: metrics duration [codex.sse_event.duration_ms] failed: tag value contains invalid characters: qwen3.6:35b-coding
2026-10-02T19:46:23.708901Z  WARN codex_otel::events::session_telemetry: metrics counter [codex.sse_event] failed: tag value contains invalid characters: qwen3.6:35b-coding
2026-10-02T19:46:23.708941Z  WARN codex_otel::events::session_telemetry: metrics duration [codex.sse_event.duration_ms] failed: tag value contains invalid characters: qwen3.6:35b-coding
2026-10-02T19:46:23.735330Z  WARN codex_otel::events::session_telemetry: metrics counter [codex.sse_event] failed: tag value contains invalid characters: qwen3.6:35b-coding
2026-10-02T19:46:23.735511Z  WARN codex_otel::events::session_telemetry: metrics duration [codex.sse_event.duration_ms] failed: tag value contains invalid characters: qwen3.6:35b-coding
2026-10-02T19:46:23.735643Z  WARN codex_otel::events::session_telemetry: metrics counter [codex.sse_event] failed: tag value contains invalid characters: qwen3.6:35b-coding
2026-10-02T19:46:23.735696Z  WARN codex_otel::events::session_telemetry: metrics duration [codex.sse_event.duration_ms] failed: tag value contains invalid characters: qwen3.6:35b-coding
2026-10-02T19:46:23.735930Z  WARN codex_otel::events::session_telemetry: metrics counter [codex.sse_event] failed: tag value contains invalid characters: qwen3.6:35b-coding
2026-10-02T19:46:23.735987Z  WARN codex_otel::events::session_telemetry: metrics duration [codex.sse_event.duration_ms] failed: tag value contains invalid characters: qwen3.6:35b-coding
2026-10-02T19:46:23.736047Z  WARN codex_otel::events::session_telemetry: metrics counter [codex.sse_event] failed: tag value contains invalid characters: qwen3.6:35b-coding
2026-10-02T19:46:23.736070Z  WARN codex_otel::events::session_telemetry: metrics duration [codex.sse_event.duration_ms] failed: tag value contains invalid characters: qwen3.6:35b-coding
2026-10-02T19:46:23.736112Z  WARN codex_otel::events::session_telemetry: metrics counter [codex.sse_event] failed: tag value contains invalid characters: qwen3.6:35b-coding
2026-10-02T19:46:23.736134Z  WARN codex_otel::events::session_telemetry: metrics duration [codex.sse_event.duration_ms] failed: tag value contains invalid characters: qwen3.6:35b-coding
2026-10-02T19:46:23.761888Z  WARN codex_otel::events::session_telemetry: metrics counter [codex.sse_event] failed: tag value contains invalid characters: qwen3.6:35b-coding
2026-10-02T19:46:23.761973Z  WARN codex_otel::events::session_telemetry: metrics duration [codex.sse_event.duration_ms] failed: tag value contains invalid characters: qwen3.6:35b-coding
2026-10-02T19:46:23.762065Z  WARN codex_otel::events::session_telemetry: metrics counter [codex.sse_event] failed: tag value contains invalid characters: qwen3.6:35b-coding
2026-10-02T19:46:23.762118Z  WARN codex_otel::events::session_telemetry: metrics duration [codex.sse_event.duration_ms] failed: tag value contains invalid characters: qwen3.6:35b-coding
2026-10-02T19:46:23.762213Z  WARN codex_otel::events::session_telemetry: metrics counter [codex.sse_event] failed: tag value contains invalid characters: qwen3.6:35b-coding
2026-10-02T19:46:23.762255Z  WARN codex_otel::events::session_telemetry: metrics duration [codex.sse_event.duration_ms] failed: tag value contains invalid characters: qwen3.6:35b-coding
2026-10-02T19:46:23.788667Z  WARN codex_otel::events::session_telemetry: metrics counter [codex.sse_event] failed: tag value contains invalid characters: qwen3.6:35b-coding
2026-10-02T19:46:23.788735Z  WARN codex_otel::events::session_telemetry: metrics duration [codex.sse_event.duration_ms] failed: tag value contains invalid characters: qwen3.6:35b-coding
2026-10-02T19:46:23.788810Z  WARN codex_otel::events::session_telemetry: metrics counter [codex.sse_event] failed: tag value contains invalid characters: qwen3.6:35b-coding
2026-10-02T19:46:23.788849Z  WARN codex_otel::events::session_telemetry: metrics duration [codex.sse_event.duration_ms] failed: tag value contains invalid characters: qwen3.6:35b-coding
2026-10-02T19:46:23.815168Z  WARN codex_otel::events::session_telemetry: metrics counter [codex.sse_event] failed: tag value contains invalid characters: qwen3.6:35b-coding
2026-10-02T19:46:23.815226Z  WARN codex_otel::events::session_telemetry: metrics duration [codex.sse_event.duration_ms] failed: tag value contains invalid characters: qwen3.6:35b-coding
2026-10-02T19:46:23.852900Z  WARN codex_otel::events::session_telemetry: metrics counter [codex.sse_event] failed: tag value contains invalid characters: qwen3.6:35b-coding
2026-10-02T19:46:23.852977Z  WARN codex_otel::events::session_telemetry: metrics duration [codex.sse_event.duration_ms] failed: tag value contains invalid characters: qwen3.6:35b-coding
2026-10-02T19:46:23.853050Z  WARN codex_otel::events::session_telemetry: metrics counter [codex.sse_event] failed: tag value contains invalid characters: qwen3.6:35b-coding
2026-10-02T19:46:23.853081Z  WARN codex_otel::events::session_telemetry: metrics duration [codex.sse_event.duration_ms] failed: tag value contains invalid characters: qwen3.6:35b-coding
2026-10-02T19:46:23.853122Z  WARN codex_otel::events::session_telemetry: metrics counter [codex.sse_event] failed: tag value contains invalid characters: qwen3.6:35b-coding
2026-10-02T19:46:23.853143Z  WARN codex_otel::events::session_telemetry: metrics duration [codex.sse_event.duration_ms] failed: tag value contains invalid characters: qwen3.6:35b-coding
2026-10-02T19:46:23.879238Z  WARN codex_otel::events::session_telemetry: metrics counter [codex.sse_event] failed: tag value contains invalid characters: qwen3.6:35b-coding
2026-10-02T19:46:23.879340Z  WARN codex_otel::events::session_telemetry: metrics duration [codex.sse_event.duration_ms] failed: tag value contains invalid characters: qwen3.6:35b-coding
2026-10-02T19:46:23.906128Z  WARN codex_otel::events::session_telemetry: metrics counter [codex.sse_event] failed: tag value contains invalid characters: qwen3.6:35b-coding
2026-10-02T19:46:23.906206Z  WARN codex_otel::events::session_telemetry: metrics duration [codex.sse_event.duration_ms] failed: tag value contains invalid characters: qwen3.6:35b-coding
2026-10-02T19:46:23.906277Z  WARN codex_otel::events::session_telemetry: metrics counter [codex.sse_event] failed: tag value contains invalid characters: qwen3.6:35b-coding
2026-10-02T19:46:23.906334Z  WARN codex_otel::events::session_telemetry: metrics duration [codex.sse_event.duration_ms] failed: tag value contains invalid characters: qwen3.6:35b-coding
2026-10-02T19:46:23.906437Z  WARN codex_otel::events::session_telemetry: metrics counter [codex.sse_event] failed: tag value contains invalid characters: qwen3.6:35b-coding
2026-10-02T19:46:23.906467Z  WARN codex_otel::events::session_telemetry: metrics duration [codex.sse_event.duration_ms] failed: tag value contains invalid characters: qwen3.6:35b-coding
2026-10-02T19:46:23.932975Z  WARN codex_otel::events::session_telemetry: metrics counter [codex.sse_event] failed: tag value contains invalid characters: qwen3.6:35b-coding
2026-10-02T19:46:23.933057Z  WARN codex_otel::events::session_telemetry: metrics duration [codex.sse_event.duration_ms] failed: tag value contains invalid characters: qwen3.6:35b-coding
2026-10-02T19:46:23.933163Z  WARN codex_otel::events::session_telemetry: metrics counter [codex.sse_event] failed: tag value contains invalid characters: qwen3.6:35b-coding
2026-10-02T19:46:23.933210Z  WARN codex_otel::events::session_telemetry: metrics duration [codex.sse_event.duration_ms] failed: tag value contains invalid characters: qwen3.6:35b-coding
2026-10-02T19:46:23.933310Z  WARN codex_otel::events::session_telemetry: metrics counter [codex.sse_event] failed: tag value contains invalid characters: qwen3.6:35b-coding
2026-10-02T19:46:23.933341Z  WARN codex_otel::events::session_telemetry: metrics duration [codex.sse_event.duration_ms] failed: tag value contains invalid characters: qwen3.6:35b-coding
2026-10-02T19:46:23.959536Z  WARN codex_otel::events::session_telemetry: metrics counter [codex.sse_event] failed: tag value contains invalid characters: qwen3.6:35b-coding
2026-10-02T19:46:23.959606Z  WARN codex_otel::events::session_telemetry: metrics duration [codex.sse_event.duration_ms] failed: tag value contains invalid characters: qwen3.6:35b-coding
2026-10-02T19:46:23.959675Z  WARN codex_otel::events::session_telemetry: metrics counter [codex.sse_event] failed: tag value contains invalid characters: qwen3.6:35b-coding
2026-10-02T19:46:23.959703Z  WARN codex_otel::events::session_telemetry: metrics duration [codex.sse_event.duration_ms] failed: tag value contains invalid characters: qwen3.6:35b-coding
2026-10-02T19:46:23.959766Z  WARN codex_otel::events::session_telemetry: metrics counter [codex.sse_event] failed: tag value contains invalid characters: qwen3.6:35b-coding
2026-10-02T19:46:23.959793Z  WARN codex_otel::events::session_telemetry: metrics duration [codex.sse_event.duration_ms] failed: tag value contains invalid characters: qwen3.6:35b-coding
2026-10-02T19:46:23.986158Z  WARN codex_otel::events::session_telemetry: metrics counter [codex.sse_event] failed: tag value contains invalid characters: qwen3.6:35b-coding
2026-10-02T19:46:23.986232Z  WARN codex_otel::events::session_telemetry: metrics duration [codex.sse_event.duration_ms] failed: tag value contains invalid characters: qwen3.6:35b-coding
2026-10-02T19:46:23.986297Z  WARN codex_otel::events::session_telemetry: metrics counter [codex.sse_event] failed: tag value contains invalid characters: qwen3.6:35b-coding
2026-10-02T19:46:23.986327Z  WARN codex_otel::events::session_telemetry: metrics duration [codex.sse_event.duration_ms] failed: tag value contains invalid characters: qwen3.6:35b-coding
2026-10-02T19:46:24.012877Z  WARN codex_otel::events::session_telemetry: metrics counter [codex.sse_event] failed: tag value contains invalid characters: qwen3.6:35b-coding
2026-10-02T19:46:24.012911Z  WARN codex_otel::events::session_telemetry: metrics duration [codex.sse_event.duration_ms] failed: tag value contains invalid characters: qwen3.6:35b-coding
2026-10-02T19:46:24.012951Z  WARN codex_otel::events::session_telemetry: metrics counter [codex.sse_event] failed: tag value contains invalid characters: qwen3.6:35b-coding
2026-10-02T19:46:24.012964Z  WARN codex_otel::events::session_telemetry: metrics duration [codex.sse_event.duration_ms] failed: tag value contains invalid characters: qwen3.6:35b-coding
2026-10-02T19:46:24.012985Z  WARN codex_otel::events::session_telemetry: metrics counter [codex.sse_event] failed: tag value contains invalid characters: qwen3.6:35b-coding
2026-10-02T19:46:24.012991Z  WARN codex_otel::events::session_telemetry: metrics duration [codex.sse_event.duration_ms] failed: tag value contains invalid characters: qwen3.6:35b-coding
2026-10-02T19:46:24.039657Z  WARN codex_otel::events::session_telemetry: metrics counter [codex.sse_event] failed: tag value contains invalid characters: qwen3.6:35b-coding
2026-10-02T19:46:24.039778Z  WARN codex_otel::events::session_telemetry: metrics duration [codex.sse_event.duration_ms] failed: tag value contains invalid characters: qwen3.6:35b-coding
2026-10-02T19:46:24.039850Z  WARN codex_otel::events::session_telemetry: metrics counter [codex.sse_event] failed: tag value contains invalid characters: qwen3.6:35b-coding
2026-10-02T19:46:24.039887Z  WARN codex_otel::events::session_telemetry: metrics duration [codex.sse_event.duration_ms] failed: tag value contains invalid characters: qwen3.6:35b-coding
2026-10-02T19:46:24.066106Z  WARN codex_otel::events::session_telemetry: metrics counter [codex.sse_event] failed: tag value contains invalid characters: qwen3.6:35b-coding
2026-10-02T19:46:24.066206Z  WARN codex_otel::events::session_telemetry: metrics duration [codex.sse_event.duration_ms] failed: tag value contains invalid characters: qwen3.6:35b-coding
2026-10-02T19:46:24.066300Z  WARN codex_otel::events::session_telemetry: metrics counter [codex.sse_event] failed: tag value contains invalid characters: qwen3.6:35b-coding
2026-10-02T19:46:24.066345Z  WARN codex_otel::events::session_telemetry: metrics duration [codex.sse_event.duration_ms] failed: tag value contains invalid characters: qwen3.6:35b-coding
2026-10-02T19:46:24.092525Z  WARN codex_otel::events::session_telemetry: metrics counter [codex.sse_event] failed: tag value contains invalid characters: qwen3.6:35b-coding
2026-10-02T19:46:24.092625Z  WARN codex_otel::events::session_telemetry: metrics duration [codex.sse_event.duration_ms] failed: tag value contains invalid characters: qwen3.6:35b-coding
2026-10-02T19:46:24.092722Z  WARN codex_otel::events::session_telemetry: metrics counter [codex.sse_event] failed: tag value contains invalid characters: qwen3.6:35b-coding
2026-10-02T19:46:24.092782Z  WARN codex_otel::events::session_telemetry: metrics duration [codex.sse_event.duration_ms] failed: tag value contains invalid characters: qwen3.6:35b-coding
2026-10-02T19:46:24.092876Z  WARN codex_otel::events::session_telemetry: metrics counter [codex.sse_event] failed: tag value contains invalid characters: qwen3.6:35b-coding
2026-10-02T19:46:24.092907Z  WARN codex_otel::events::session_telemetry: metrics duration [codex.sse_event.duration_ms] failed: tag value contains invalid characters: qwen3.6:35b-coding
2026-10-02T19:46:24.119265Z  WARN codex_otel::events::session_telemetry: metrics counter [codex.sse_event] failed: tag value contains invalid characters: qwen3.6:35b-coding
2026-10-02T19:46:24.119356Z  WARN codex_otel::events::session_telemetry: metrics duration [codex.sse_event.duration_ms] failed: tag value contains invalid characters: qwen3.6:35b-coding
2026-10-02T19:46:24.119468Z  WARN codex_otel::events::session_telemetry: metrics counter [codex.sse_event] failed: tag value contains invalid characters: qwen3.6:35b-coding
2026-10-02T19:46:24.119513Z  WARN codex_otel::events::session_telemetry: metrics duration [codex.sse_event.duration_ms] failed: tag value contains invalid characters: qwen3.6:35b-coding
2026-10-02T19:46:24.119644Z  WARN codex_otel::events::session_telemetry: metrics counter [codex.sse_event] failed: tag value contains invalid characters: qwen3.6:35b-coding
2026-10-02T19:46:24.119688Z  WARN codex_otel::events::session_telemetry: metrics duration [codex.sse_event.duration_ms] failed: tag value contains invalid characters: qwen3.6:35b-coding
2026-10-02T19:46:24.146184Z  WARN codex_otel::events::session_telemetry: metrics counter [codex.sse_event] failed: tag value contains invalid characters: qwen3.6:35b-coding
2026-10-02T19:46:24.146267Z  WARN codex_otel::events::session_telemetry: metrics duration [codex.sse_event.duration_ms] failed: tag value contains invalid characters: qwen3.6:35b-coding
2026-10-02T19:46:24.146376Z  WARN codex_otel::events::session_telemetry: metrics counter [codex.sse_event] failed: tag value contains invalid characters: qwen3.6:35b-coding
2026-10-02T19:46:24.146422Z  WARN codex_otel::events::session_telemetry: metrics duration [codex.sse_event.duration_ms] failed: tag value contains invalid characters: qwen3.6:35b-coding
2026-10-02T19:46:24.146580Z  WARN codex_otel::events::session_telemetry: metrics counter [codex.sse_event] failed: tag value contains invalid characters: qwen3.6:35b-coding
2026-10-02T19:46:24.146614Z  WARN codex_otel::events::session_telemetry: metrics duration [codex.sse_event.duration_ms] failed: tag value contains invalid characters: qwen3.6:35b-coding
2026-10-02T19:46:24.172783Z  WARN codex_otel::events::session_telemetry: metrics counter [codex.sse_event] failed: tag value contains invalid characters: qwen3.6:35b-coding
2026-10-02T19:46:24.172876Z  WARN codex_otel::events::session_telemetry: metrics duration [codex.sse_event.duration_ms] failed: tag value contains invalid characters: qwen3.6:35b-coding
2026-10-02T19:46:24.172963Z  WARN codex_otel::events::session_telemetry: metrics counter [codex.sse_event] failed: tag value contains invalid characters: qwen3.6:35b-coding
2026-10-02T19:46:24.173006Z  WARN codex_otel::events::session_telemetry: metrics duration [codex.sse_event.duration_ms] failed: tag value contains invalid characters: qwen3.6:35b-coding
2026-10-02T19:46:24.173064Z  WARN codex_otel::events::session_telemetry: metrics counter [codex.sse_event] failed: tag value contains invalid characters: qwen3.6:35b-coding
2026-10-02T19:46:24.173096Z  WARN codex_otel::events::session_telemetry: metrics duration [codex.sse_event.duration_ms] failed: tag value contains invalid characters: qwen3.6:35b-coding
2026-10-02T19:46:24.199728Z  WARN codex_otel::events::session_telemetry: metrics counter [codex.sse_event] failed: tag value contains invalid characters: qwen3.6:35b-coding
2026-10-02T19:46:24.199804Z  WARN codex_otel::events::session_telemetry: metrics duration [codex.sse_event.duration_ms] failed: tag value contains invalid characters: qwen3.6:35b-coding
2026-10-02T19:46:24.199879Z  WARN codex_otel::events::session_telemetry: metrics counter [codex.sse_event] failed: tag value contains invalid characters: qwen3.6:35b-coding
2026-10-02T19:46:24.199934Z  WARN codex_otel::events::session_telemetry: metrics duration [codex.sse_event.duration_ms] failed: tag value contains invalid characters: qwen3.6:35b-coding
2026-10-02T19:46:24.228483Z  WARN codex_otel::events::session_telemetry: metrics counter [codex.sse_event] failed: tag value contains invalid characters: qwen3.6:35b-coding
2026-10-02T19:46:24.228574Z  WARN codex_otel::events::session_telemetry: metrics duration [codex.sse_event.duration_ms] failed: tag value contains invalid characters: qwen3.6:35b-coding
2026-10-02T19:46:24.228672Z  WARN codex_otel::events::session_telemetry: metrics counter [codex.sse_event] failed: tag value contains invalid characters: qwen3.6:35b-coding
2026-10-02T19:46:24.228719Z  WARN codex_otel::events::session_telemetry: metrics duration [codex.sse_event.duration_ms] failed: tag value contains invalid characters: qwen3.6:35b-coding
2026-10-02T19:46:24.255401Z  WARN codex_otel::events::session_telemetry: metrics counter [codex.sse_event] failed: tag value contains invalid characters: qwen3.6:35b-coding
2026-10-02T19:46:24.255466Z  WARN codex_otel::events::session_telemetry: metrics duration [codex.sse_event.duration_ms] failed: tag value contains invalid characters: qwen3.6:35b-coding
2026-10-02T19:46:24.255539Z  WARN codex_otel::events::session_telemetry: metrics counter [codex.sse_event] failed: tag value contains invalid characters: qwen3.6:35b-coding
2026-10-02T19:46:24.255565Z  WARN codex_otel::events::session_telemetry: metrics duration [codex.sse_event.duration_ms] failed: tag value contains invalid characters: qwen3.6:35b-coding
2026-10-02T19:46:24.282281Z  WARN codex_otel::events::session_telemetry: metrics counter [codex.sse_event] failed: tag value contains invalid characters: qwen3.6:35b-coding
2026-10-02T19:46:24.282351Z  WARN codex_otel::events::session_telemetry: metrics duration [codex.sse_event.duration_ms] failed: tag value contains invalid characters: qwen3.6:35b-coding
2026-10-02T19:46:24.282417Z  WARN codex_otel::events::session_telemetry: metrics counter [codex.sse_event] failed: tag value contains invalid characters: qwen3.6:35b-coding
2026-10-02T19:46:24.282435Z  WARN codex_otel::events::session_telemetry: metrics duration [codex.sse_event.duration_ms] failed: tag value contains invalid characters: qwen3.6:35b-coding
2026-10-02T19:46:24.282476Z  WARN codex_otel::events::session_telemetry: metrics counter [codex.sse_event] failed: tag value contains invalid characters: qwen3.6:35b-coding
2026-10-02T19:46:24.282505Z  WARN codex_otel::events::session_telemetry: metrics duration [codex.sse_event.duration_ms] failed: tag value contains invalid characters: qwen3.6:35b-coding
2026-10-02T19:46:24.308975Z  WARN codex_otel::events::session_telemetry: metrics counter [codex.sse_event] failed: tag value contains invalid characters: qwen3.6:35b-coding
2026-10-02T19:46:24.309058Z  WARN codex_otel::events::session_telemetry: metrics duration [codex.sse_event.duration_ms] failed: tag value contains invalid characters: qwen3.6:35b-coding
2026-10-02T19:46:24.309149Z  WARN codex_otel::events::session_telemetry: metrics counter [codex.sse_event] failed: tag value contains invalid characters: qwen3.6:35b-coding
2026-10-02T19:46:24.309201Z  WARN codex_otel::events::session_telemetry: metrics duration [codex.sse_event.duration_ms] failed: tag value contains invalid characters: qwen3.6:35b-coding
2026-10-02T19:46:24.335824Z  WARN codex_otel::events::session_telemetry: metrics counter [codex.sse_event] failed: tag value contains invalid characters: qwen3.6:35b-coding
2026-10-02T19:46:24.335901Z  WARN codex_otel::events::session_telemetry: metrics duration [codex.sse_event.duration_ms] failed: tag value contains invalid characters: qwen3.6:35b-coding
2026-10-02T19:46:24.335964Z  WARN codex_otel::events::session_telemetry: metrics counter [codex.sse_event] failed: tag value contains invalid characters: qwen3.6:35b-coding
2026-10-02T19:46:24.335998Z  WARN codex_otel::events::session_telemetry: metrics duration [codex.sse_event.duration_ms] failed: tag value contains invalid characters: qwen3.6:35b-coding
2026-10-02T19:46:24.336077Z  WARN codex_otel::events::session_telemetry: metrics counter [codex.sse_event] failed: tag value contains invalid characters: qwen3.6:35b-coding
2026-10-02T19:46:24.336100Z  WARN codex_otel::events::session_telemetry: metrics duration [codex.sse_event.duration_ms] failed: tag value contains invalid characters: qwen3.6:35b-coding
2026-10-02T19:46:24.363374Z  WARN codex_otel::events::session_telemetry: metrics counter [codex.sse_event] failed: tag value contains invalid characters: qwen3.6:35b-coding
2026-10-02T19:46:24.363456Z  WARN codex_otel::events::session_telemetry: metrics duration [codex.sse_event.duration_ms] failed: tag value contains invalid characters: qwen3.6:35b-coding
2026-10-02T19:46:24.363627Z  WARN codex_otel::events::session_telemetry: metrics counter [codex.sse_event] failed: tag value contains invalid characters: qwen3.6:35b-coding
2026-10-02T19:46:24.363651Z  WARN codex_otel::events::session_telemetry: metrics duration [codex.sse_event.duration_ms] failed: tag value contains invalid characters: qwen3.6:35b-coding
2026-10-02T19:46:24.363773Z  WARN codex_otel::events::session_telemetry: metrics counter [codex.sse_event] failed: tag value contains invalid characters: qwen3.6:35b-coding
2026-10-02T19:46:24.363794Z  WARN codex_otel::events::session_telemetry: metrics duration [codex.sse_event.duration_ms] failed: tag value contains invalid characters: qwen3.6:35b-coding
2026-10-02T19:46:24.390272Z  WARN codex_otel::events::session_telemetry: metrics counter [codex.sse_event] failed: tag value contains invalid characters: qwen3.6:35b-coding
2026-10-02T19:46:24.390357Z  WARN codex_otel::events::session_telemetry: metrics duration [codex.sse_event.duration_ms] failed: tag value contains invalid characters: qwen3.6:35b-coding
2026-10-02T19:46:24.390486Z  WARN codex_otel::events::session_telemetry: metrics counter [codex.sse_event] failed: tag value contains invalid characters: qwen3.6:35b-coding
2026-10-02T19:46:24.390525Z  WARN codex_otel::events::session_telemetry: metrics duration [codex.sse_event.duration_ms] failed: tag value contains invalid characters: qwen3.6:35b-coding
2026-10-02T19:46:24.417028Z  WARN codex_otel::events::session_telemetry: metrics counter [codex.sse_event] failed: tag value contains invalid characters: qwen3.6:35b-coding
2026-10-02T19:46:24.417086Z  WARN codex_otel::events::session_telemetry: metrics duration [codex.sse_event.duration_ms] failed: tag value contains invalid characters: qwen3.6:35b-coding
2026-10-02T19:46:24.417143Z  WARN codex_otel::events::session_telemetry: metrics counter [codex.sse_event] failed: tag value contains invalid characters: qwen3.6:35b-coding
2026-10-02T19:46:24.417187Z  WARN codex_otel::events::session_telemetry: metrics duration [codex.sse_event.duration_ms] failed: tag value contains invalid characters: qwen3.6:35b-coding
2026-10-02T19:46:24.444006Z  WARN codex_otel::events::session_telemetry: metrics counter [codex.sse_event] failed: tag value contains invalid characters: qwen3.6:35b-coding
2026-10-02T19:46:24.444101Z  WARN codex_otel::events::session_telemetry: metrics duration [codex.sse_event.duration_ms] failed: tag value contains invalid characters: qwen3.6:35b-coding
2026-10-02T19:46:24.444291Z  WARN codex_otel::events::session_telemetry: metrics counter [codex.sse_event] failed: tag value contains invalid characters: qwen3.6:35b-coding
2026-10-02T19:46:24.444340Z  WARN codex_otel::events::session_telemetry: metrics duration [codex.sse_event.duration_ms] failed: tag value contains invalid characters: qwen3.6:35b-coding
2026-10-02T19:46:24.444477Z  WARN codex_otel::events::session_telemetry: metrics counter [codex.sse_event] failed: tag value contains invalid characters: qwen3.6:35b-coding
2026-10-02T19:46:24.444512Z  WARN codex_otel::events::session_telemetry: metrics duration [codex.sse_event.duration_ms] failed: tag value contains invalid characters: qwen3.6:35b-coding
2026-10-02T19:46:24.497550Z  WARN codex_otel::events::session_telemetry: metrics counter [codex.sse_event] failed: tag value contains invalid characters: qwen3.6:35b-coding
2026-10-02T19:46:24.497613Z  WARN codex_otel::events::session_telemetry: metrics duration [codex.sse_event.duration_ms] failed: tag value contains invalid characters: qwen3.6:35b-coding
2026-10-02T19:46:24.497711Z  WARN codex_otel::events::session_telemetry: metrics counter [codex.sse_event] failed: tag value contains invalid characters: qwen3.6:35b-coding
2026-10-02T19:46:24.497823Z  WARN codex_otel::events::session_telemetry: metrics duration [codex.sse_event.duration_ms] failed: tag value contains invalid characters: qwen3.6:35b-coding
2026-10-02T19:46:24.497877Z  WARN codex_otel::events::session_telemetry: metrics counter [codex.sse_event] failed: tag value contains invalid characters: qwen3.6:35b-coding
2026-10-02T19:46:24.497892Z  WARN codex_otel::events::session_telemetry: metrics duration [codex.sse_event.duration_ms] failed: tag value contains invalid characters: qwen3.6:35b-coding
2026-10-02T19:46:24.524175Z  WARN codex_otel::events::session_telemetry: metrics counter [codex.sse_event] failed: tag value contains invalid characters: qwen3.6:35b-coding
2026-10-02T19:46:24.524267Z  WARN codex_otel::events::session_telemetry: metrics duration [codex.sse_event.duration_ms] failed: tag value contains invalid characters: qwen3.6:35b-coding
2026-10-02T19:46:24.524387Z  WARN codex_otel::events::session_telemetry: metrics counter [codex.sse_event] failed: tag value contains invalid characters: qwen3.6:35b-coding
2026-10-02T19:46:24.524438Z  WARN codex_otel::events::session_telemetry: metrics duration [codex.sse_event.duration_ms] failed: tag value contains invalid characters: qwen3.6:35b-coding
2026-10-02T19:46:24.524542Z  WARN codex_otel::events::session_telemetry: metrics counter [codex.sse_event] failed: tag value contains invalid characters: qwen3.6:35b-coding
2026-10-02T19:46:24.524577Z  WARN codex_otel::events::session_telemetry: metrics duration [codex.sse_event.duration_ms] failed: tag value contains invalid characters: qwen3.6:35b-coding
2026-10-02T19:46:24.550884Z  WARN codex_otel::events::session_telemetry: metrics counter [codex.sse_event] failed: tag value contains invalid characters: qwen3.6:35b-coding
2026-10-02T19:46:24.550947Z  WARN codex_otel::events::session_telemetry: metrics duration [codex.sse_event.duration_ms] failed: tag value contains invalid characters: qwen3.6:35b-coding
2026-10-02T19:46:24.551010Z  WARN codex_otel::events::session_telemetry: metrics counter [codex.sse_event] failed: tag value contains invalid characters: qwen3.6:35b-coding
2026-10-02T19:46:24.551038Z  WARN codex_otel::events::session_telemetry: metrics duration [codex.sse_event.duration_ms] failed: tag value contains invalid characters: qwen3.6:35b-coding
2026-10-02T19:46:24.577700Z  WARN codex_otel::events::session_telemetry: metrics counter [codex.sse_event] failed: tag value contains invalid characters: qwen3.6:35b-coding
2026-10-02T19:46:24.577753Z  WARN codex_otel::events::session_telemetry: metrics duration [codex.sse_event.duration_ms] failed: tag value contains invalid characters: qwen3.6:35b-coding
2026-10-02T19:46:24.577830Z  WARN codex_otel::events::session_telemetry: metrics counter [codex.sse_event] failed: tag value contains invalid characters: qwen3.6:35b-coding
2026-10-02T19:46:24.577854Z  WARN codex_otel::events::session_telemetry: metrics duration [codex.sse_event.duration_ms] failed: tag value contains invalid characters: qwen3.6:35b-coding
2026-10-02T19:46:24.577888Z  WARN codex_otel::events::session_telemetry: metrics counter [codex.sse_event] failed: tag value contains invalid characters: qwen3.6:35b-coding
2026-10-02T19:46:24.577911Z  WARN codex_otel::events::session_telemetry: metrics duration [codex.sse_event.duration_ms] failed: tag value contains invalid characters: qwen3.6:35b-coding
2026-10-02T19:46:24.604691Z  WARN codex_otel::events::session_telemetry: metrics counter [codex.sse_event] failed: tag value contains invalid characters: qwen3.6:35b-coding
2026-10-02T19:46:24.604759Z  WARN codex_otel::events::session_telemetry: metrics duration [codex.sse_event.duration_ms] failed: tag value contains invalid characters: qwen3.6:35b-coding
2026-10-02T19:46:24.606052Z  WARN codex_otel::events::session_telemetry: metrics counter [codex.sse_event] failed: tag value contains invalid characters: qwen3.6:35b-coding
2026-10-02T19:46:24.606097Z  WARN codex_otel::events::session_telemetry: metrics duration [codex.sse_event.duration_ms] failed: tag value contains invalid characters: qwen3.6:35b-coding
2026-10-02T19:46:24.606196Z  WARN codex_otel::events::session_telemetry: metrics counter [codex.sse_event] failed: tag value contains invalid characters: qwen3.6:35b-coding
2026-10-02T19:46:24.606227Z  WARN codex_otel::events::session_telemetry: metrics duration [codex.sse_event.duration_ms] failed: tag value contains invalid characters: qwen3.6:35b-coding
2026-10-02T19:46:24.606299Z  WARN codex_otel::events::session_telemetry: metrics counter [codex.sse_event] failed: tag value contains invalid characters: qwen3.6:35b-coding
2026-10-02T19:46:24.606321Z  WARN codex_otel::events::session_telemetry: metrics duration [codex.sse_event.duration_ms] failed: tag value contains invalid characters: qwen3.6:35b-coding
2026-10-02T19:46:24.607635Z  WARN codex_otel::events::session_telemetry: metrics duration [codex.turn.ttfm.duration_ms] failed: tag value contains invalid characters: qwen3.6:35b-coding
2026-10-02T19:46:24.608503Z  WARN codex_otel::events::session_telemetry: metrics counter [codex.sse_event] failed: tag value contains invalid characters: qwen3.6:35b-coding
2026-10-02T19:46:24.608523Z  WARN codex_otel::events::session_telemetry: metrics duration [codex.sse_event.duration_ms] failed: tag value contains invalid characters: qwen3.6:35b-coding
2026-10-02T19:46:24.621307Z  WARN codex_otel::events::session_telemetry: metrics counter [codex.hooks.run] failed: tag value contains invalid characters: qwen3.6:35b-coding
2026-10-02T19:46:24.621326Z  WARN codex_otel::events::session_telemetry: metrics duration [codex.hooks.run.duration_ms] failed: tag value contains invalid characters: qwen3.6:35b-coding
2026-10-02T19:46:24.621336Z  WARN codex_otel::events::session_telemetry: metrics counter [codex.hooks.run] failed: tag value contains invalid characters: qwen3.6:35b-coding
2026-10-02T19:46:24.621343Z  WARN codex_otel::events::session_telemetry: metrics duration [codex.hooks.run.duration_ms] failed: tag value contains invalid characters: qwen3.6:35b-coding
2026-10-02T19:46:24.622441Z  WARN codex_otel::events::session_telemetry: metrics counter [codex.turn.network_proxy] failed: tag value contains invalid characters: qwen3.6:35b-coding
2026-10-02T19:46:24.622467Z  WARN codex_otel::events::session_telemetry: metrics histogram [codex.turn.tool.call] failed: tag value contains invalid characters: qwen3.6:35b-coding
2026-10-02T19:46:24.622688Z  WARN codex_otel::events::session_telemetry: metrics histogram [codex.turn.token_usage] failed: tag value contains invalid characters: qwen3.6:35b-coding
2026-10-02T19:46:24.622700Z  WARN codex_otel::events::session_telemetry: metrics histogram [codex.turn.token_usage] failed: tag value contains invalid characters: qwen3.6:35b-coding
2026-10-02T19:46:24.622708Z  WARN codex_otel::events::session_telemetry: metrics histogram [codex.turn.token_usage] failed: tag value contains invalid characters: qwen3.6:35b-coding
2026-10-02T19:46:24.622714Z  WARN codex_otel::events::session_telemetry: metrics histogram [codex.turn.token_usage] failed: tag value contains invalid characters: qwen3.6:35b-coding
2026-10-02T19:46:24.622720Z  WARN codex_otel::events::session_telemetry: metrics histogram [codex.turn.token_usage] failed: tag value contains invalid characters: qwen3.6:35b-coding
2026-10-02T19:46:24.622725Z  WARN codex_otel::events::session_telemetry: metrics histogram [codex.turn.token_usage] failed: tag value contains invalid characters: qwen3.6:35b-coding
2026-10-02T19:46:24.622732Z  WARN codex_otel::events::session_telemetry: metrics counter [codex.turn.memory] failed: tag value contains invalid characters: qwen3.6:35b-coding
2026-10-02T19:46:24.622738Z  WARN codex_otel::events::session_telemetry: metrics counter [codex.turn.unified_exec.running_processes] failed: tag value contains invalid characters: qwen3.6:35b-coding
2026-10-02T19:46:24.641971Z  WARN codex_otel::events::session_telemetry: metrics counter [codex.conversation.turn.count] failed: tag value contains invalid characters: qwen3.6:35b-coding
