2026-10-02T19:17:53.966613Z  WARN codex_skills::interface: ignoring interface.icon_small: icon path with '..' must resolve under plugin assets/
2026-10-02T19:17:53.966674Z  WARN codex_skills::interface: ignoring interface.icon_large: icon path with '..' must resolve under plugin assets/
2026-10-02T19:17:53.968442Z  WARN codex_otel::events::session_telemetry: metrics counter [codex.feature.state] failed: tag value contains invalid characters: qwen3.6:35b-coding
2026-10-02T19:17:53.968457Z  WARN codex_otel::events::session_telemetry: metrics counter [codex.feature.state] failed: tag value contains invalid characters: qwen3.6:35b-coding
2026-10-02T19:17:53.968507Z  WARN codex_otel::events::session_telemetry: metrics counter [codex.thread.started] failed: tag value contains invalid characters: qwen3.6:35b-coding
2026-10-02T19:17:54.007964Z  WARN codex_otel::events::session_telemetry: metrics counter [codex.shell_snapshot] failed: tag value contains invalid characters: qwen3.6:35b-coding
2026-10-02T19:17:54.635979Z  WARN codex_otel::events::session_telemetry: metrics counter [codex.memory.phase2] failed: tag value contains invalid characters: qwen3.6:35b-coding
2026-10-02T19:17:54.796682Z  WARN codex_skills::interface: ignoring interface.icon_small: icon path with '..' must resolve under plugin assets/
2026-10-02T19:17:54.796718Z  WARN codex_skills::interface: ignoring interface.icon_large: icon path with '..' must resolve under plugin assets/
2026-10-02T19:17:56.277994Z  WARN codex_otel::events::session_telemetry: metrics counter [codex.api_request] failed: tag value contains invalid characters: qwen3.6:35b-coding
2026-10-02T19:17:56.278046Z  WARN codex_otel::events::session_telemetry: metrics duration [codex.api_request.duration_ms] failed: tag value contains invalid characters: qwen3.6:35b-coding
2026-10-02T19:17:56.278613Z  WARN codex_otel::events::session_telemetry: metrics counter [codex.sse_event] failed: tag value contains invalid characters: qwen3.6:35b-coding
2026-10-02T19:17:56.278637Z  WARN codex_otel::events::session_telemetry: metrics duration [codex.sse_event.duration_ms] failed: tag value contains invalid characters: qwen3.6:35b-coding
2026-10-02T19:17:56.279062Z  WARN codex_otel::events::session_telemetry: metrics counter [codex.sse_event] failed: tag value contains invalid characters: qwen3.6:35b-coding
2026-10-02T19:17:56.279070Z  WARN codex_otel::events::session_telemetry: metrics duration [codex.sse_event.duration_ms] failed: tag value contains invalid characters: qwen3.6:35b-coding
2026-10-02T19:17:56.279257Z  WARN codex_otel::events::session_telemetry: metrics counter [codex.sse_event] failed: tag value contains invalid characters: qwen3.6:35b-coding
2026-10-02T19:17:56.279264Z  WARN codex_otel::events::session_telemetry: metrics duration [codex.sse_event.duration_ms] failed: tag value contains invalid characters: qwen3.6:35b-coding
2026-10-02T19:17:56.279284Z  WARN codex_otel::events::session_telemetry: metrics counter [codex.sse_event] failed: tag value contains invalid characters: qwen3.6:35b-coding
2026-10-02T19:17:56.279290Z  WARN codex_otel::events::session_telemetry: metrics duration [codex.sse_event.duration_ms] failed: tag value contains invalid characters: qwen3.6:35b-coding
2026-10-02T19:17:56.279330Z  WARN codex_otel::events::session_telemetry: metrics duration [codex.turn.ttft.duration_ms] failed: tag value contains invalid characters: qwen3.6:35b-coding
2026-10-02T19:17:56.305443Z  WARN codex_otel::events::session_telemetry: metrics counter [codex.sse_event] failed: tag value contains invalid characters: qwen3.6:35b-coding
2026-10-02T19:17:56.305498Z  WARN codex_otel::events::session_telemetry: metrics duration [codex.sse_event.duration_ms] failed: tag value contains invalid characters: qwen3.6:35b-coding
2026-10-02T19:17:56.305540Z  WARN codex_otel::events::session_telemetry: metrics counter [codex.sse_event] failed: tag value contains invalid characters: qwen3.6:35b-coding
2026-10-02T19:17:56.305560Z  WARN codex_otel::events::session_telemetry: metrics duration [codex.sse_event.duration_ms] failed: tag value contains invalid characters: qwen3.6:35b-coding
2026-10-02T19:17:56.305601Z  WARN codex_otel::events::session_telemetry: metrics counter [codex.sse_event] failed: tag value contains invalid characters: qwen3.6:35b-coding
2026-10-02T19:17:56.305610Z  WARN codex_otel::events::session_telemetry: metrics duration [codex.sse_event.duration_ms] failed: tag value contains invalid characters: qwen3.6:35b-coding
2026-10-02T19:17:56.330717Z  WARN codex_otel::events::session_telemetry: metrics counter [codex.sse_event] failed: tag value contains invalid characters: qwen3.6:35b-coding
2026-10-02T19:17:56.330755Z  WARN codex_otel::events::session_telemetry: metrics duration [codex.sse_event.duration_ms] failed: tag value contains invalid characters: qwen3.6:35b-coding
2026-10-02T19:17:56.330792Z  WARN codex_otel::events::session_telemetry: metrics counter [codex.sse_event] failed: tag value contains invalid characters: qwen3.6:35b-coding
2026-10-02T19:17:56.330803Z  WARN codex_otel::events::session_telemetry: metrics duration [codex.sse_event.duration_ms] failed: tag value contains invalid characters: qwen3.6:35b-coding
2026-10-02T19:17:56.356510Z  WARN codex_otel::events::session_telemetry: metrics counter [codex.sse_event] failed: tag value contains invalid characters: qwen3.6:35b-coding
2026-10-02T19:17:56.356551Z  WARN codex_otel::events::session_telemetry: metrics duration [codex.sse_event.duration_ms] failed: tag value contains invalid characters: qwen3.6:35b-coding
2026-10-02T19:17:56.356581Z  WARN codex_otel::events::session_telemetry: metrics counter [codex.sse_event] failed: tag value contains invalid characters: qwen3.6:35b-coding
2026-10-02T19:17:56.356595Z  WARN codex_otel::events::session_telemetry: metrics duration [codex.sse_event.duration_ms] failed: tag value contains invalid characters: qwen3.6:35b-coding
2026-10-02T19:17:56.382262Z  WARN codex_otel::events::session_telemetry: metrics counter [codex.sse_event] failed: tag value contains invalid characters: qwen3.6:35b-coding
2026-10-02T19:17:56.382302Z  WARN codex_otel::events::session_telemetry: metrics duration [codex.sse_event.duration_ms] failed: tag value contains invalid characters: qwen3.6:35b-coding
2026-10-02T19:17:56.382332Z  WARN codex_otel::events::session_telemetry: metrics counter [codex.sse_event] failed: tag value contains invalid characters: qwen3.6:35b-coding
2026-10-02T19:17:56.382349Z  WARN codex_otel::events::session_telemetry: metrics duration [codex.sse_event.duration_ms] failed: tag value contains invalid characters: qwen3.6:35b-coding
2026-10-02T19:17:56.382377Z  WARN codex_otel::events::session_telemetry: metrics counter [codex.sse_event] failed: tag value contains invalid characters: qwen3.6:35b-coding
2026-10-02T19:17:56.382386Z  WARN codex_otel::events::session_telemetry: metrics duration [codex.sse_event.duration_ms] failed: tag value contains invalid characters: qwen3.6:35b-coding
2026-10-02T19:17:56.407977Z  WARN codex_otel::events::session_telemetry: metrics counter [codex.sse_event] failed: tag value contains invalid characters: qwen3.6:35b-coding
2026-10-02T19:17:56.408025Z  WARN codex_otel::events::session_telemetry: metrics duration [codex.sse_event.duration_ms] failed: tag value contains invalid characters: qwen3.6:35b-coding
2026-10-02T19:17:56.408056Z  WARN codex_otel::events::session_telemetry: metrics counter [codex.sse_event] failed: tag value contains invalid characters: qwen3.6:35b-coding
2026-10-02T19:17:56.408067Z  WARN codex_otel::events::session_telemetry: metrics duration [codex.sse_event.duration_ms] failed: tag value contains invalid characters: qwen3.6:35b-coding
2026-10-02T19:17:56.408085Z  WARN codex_otel::events::session_telemetry: metrics counter [codex.sse_event] failed: tag value contains invalid characters: qwen3.6:35b-coding
2026-10-02T19:17:56.408096Z  WARN codex_otel::events::session_telemetry: metrics duration [codex.sse_event.duration_ms] failed: tag value contains invalid characters: qwen3.6:35b-coding
2026-10-02T19:17:56.433510Z  WARN codex_otel::events::session_telemetry: metrics counter [codex.sse_event] failed: tag value contains invalid characters: qwen3.6:35b-coding
2026-10-02T19:17:56.433573Z  WARN codex_otel::events::session_telemetry: metrics duration [codex.sse_event.duration_ms] failed: tag value contains invalid characters: qwen3.6:35b-coding
2026-10-02T19:17:56.433615Z  WARN codex_otel::events::session_telemetry: metrics counter [codex.sse_event] failed: tag value contains invalid characters: qwen3.6:35b-coding
2026-10-02T19:17:56.433626Z  WARN codex_otel::events::session_telemetry: metrics duration [codex.sse_event.duration_ms] failed: tag value contains invalid characters: qwen3.6:35b-coding
2026-10-02T19:17:56.458929Z  WARN codex_otel::events::session_telemetry: metrics counter [codex.sse_event] failed: tag value contains invalid characters: qwen3.6:35b-coding
2026-10-02T19:17:56.458963Z  WARN codex_otel::events::session_telemetry: metrics duration [codex.sse_event.duration_ms] failed: tag value contains invalid characters: qwen3.6:35b-coding
2026-10-02T19:17:56.458990Z  WARN codex_otel::events::session_telemetry: metrics counter [codex.sse_event] failed: tag value contains invalid characters: qwen3.6:35b-coding
2026-10-02T19:17:56.459001Z  WARN codex_otel::events::session_telemetry: metrics duration [codex.sse_event.duration_ms] failed: tag value contains invalid characters: qwen3.6:35b-coding
2026-10-02T19:17:56.484403Z  WARN codex_otel::events::session_telemetry: metrics counter [codex.sse_event] failed: tag value contains invalid characters: qwen3.6:35b-coding
2026-10-02T19:17:56.484440Z  WARN codex_otel::events::session_telemetry: metrics duration [codex.sse_event.duration_ms] failed: tag value contains invalid characters: qwen3.6:35b-coding
2026-10-02T19:17:56.484469Z  WARN codex_otel::events::session_telemetry: metrics counter [codex.sse_event] failed: tag value contains invalid characters: qwen3.6:35b-coding
2026-10-02T19:17:56.484484Z  WARN codex_otel::events::session_telemetry: metrics duration [codex.sse_event.duration_ms] failed: tag value contains invalid characters: qwen3.6:35b-coding
2026-10-02T19:17:56.484504Z  WARN codex_otel::events::session_telemetry: metrics counter [codex.sse_event] failed: tag value contains invalid characters: qwen3.6:35b-coding
2026-10-02T19:17:56.484509Z  WARN codex_otel::events::session_telemetry: metrics duration [codex.sse_event.duration_ms] failed: tag value contains invalid characters: qwen3.6:35b-coding
2026-10-02T19:17:56.509828Z  WARN codex_otel::events::session_telemetry: metrics counter [codex.sse_event] failed: tag value contains invalid characters: qwen3.6:35b-coding
2026-10-02T19:17:56.509856Z  WARN codex_otel::events::session_telemetry: metrics duration [codex.sse_event.duration_ms] failed: tag value contains invalid characters: qwen3.6:35b-coding
2026-10-02T19:17:56.509884Z  WARN codex_otel::events::session_telemetry: metrics counter [codex.sse_event] failed: tag value contains invalid characters: qwen3.6:35b-coding
2026-10-02T19:17:56.509898Z  WARN codex_otel::events::session_telemetry: metrics duration [codex.sse_event.duration_ms] failed: tag value contains invalid characters: qwen3.6:35b-coding
2026-10-02T19:17:56.509916Z  WARN codex_otel::events::session_telemetry: metrics counter [codex.sse_event] failed: tag value contains invalid characters: qwen3.6:35b-coding
2026-10-02T19:17:56.509927Z  WARN codex_otel::events::session_telemetry: metrics duration [codex.sse_event.duration_ms] failed: tag value contains invalid characters: qwen3.6:35b-coding
2026-10-02T19:17:56.535754Z  WARN codex_otel::events::session_telemetry: metrics counter [codex.sse_event] failed: tag value contains invalid characters: qwen3.6:35b-coding
2026-10-02T19:17:56.535798Z  WARN codex_otel::events::session_telemetry: metrics duration [codex.sse_event.duration_ms] failed: tag value contains invalid characters: qwen3.6:35b-coding
2026-10-02T19:17:56.535830Z  WARN codex_otel::events::session_telemetry: metrics counter [codex.sse_event] failed: tag value contains invalid characters: qwen3.6:35b-coding
2026-10-02T19:17:56.535841Z  WARN codex_otel::events::session_telemetry: metrics duration [codex.sse_event.duration_ms] failed: tag value contains invalid characters: qwen3.6:35b-coding
2026-10-02T19:17:56.535873Z  WARN codex_otel::events::session_telemetry: metrics counter [codex.sse_event] failed: tag value contains invalid characters: qwen3.6:35b-coding
2026-10-02T19:17:56.535881Z  WARN codex_otel::events::session_telemetry: metrics duration [codex.sse_event.duration_ms] failed: tag value contains invalid characters: qwen3.6:35b-coding
2026-10-02T19:17:56.561583Z  WARN codex_otel::events::session_telemetry: metrics counter [codex.sse_event] failed: tag value contains invalid characters: qwen3.6:35b-coding
2026-10-02T19:17:56.561623Z  WARN codex_otel::events::session_telemetry: metrics duration [codex.sse_event.duration_ms] failed: tag value contains invalid characters: qwen3.6:35b-coding
2026-10-02T19:17:56.561653Z  WARN codex_otel::events::session_telemetry: metrics counter [codex.sse_event] failed: tag value contains invalid characters: qwen3.6:35b-coding
2026-10-02T19:17:56.561661Z  WARN codex_otel::events::session_telemetry: metrics duration [codex.sse_event.duration_ms] failed: tag value contains invalid characters: qwen3.6:35b-coding
2026-10-02T19:17:56.561670Z  WARN codex_otel::events::session_telemetry: metrics counter [codex.sse_event] failed: tag value contains invalid characters: qwen3.6:35b-coding
2026-10-02T19:17:56.561675Z  WARN codex_otel::events::session_telemetry: metrics duration [codex.sse_event.duration_ms] failed: tag value contains invalid characters: qwen3.6:35b-coding
2026-10-02T19:17:56.587126Z  WARN codex_otel::events::session_telemetry: metrics counter [codex.sse_event] failed: tag value contains invalid characters: qwen3.6:35b-coding
2026-10-02T19:17:56.587170Z  WARN codex_otel::events::session_telemetry: metrics duration [codex.sse_event.duration_ms] failed: tag value contains invalid characters: qwen3.6:35b-coding
2026-10-02T19:17:56.587201Z  WARN codex_otel::events::session_telemetry: metrics counter [codex.sse_event] failed: tag value contains invalid characters: qwen3.6:35b-coding
2026-10-02T19:17:56.587213Z  WARN codex_otel::events::session_telemetry: metrics duration [codex.sse_event.duration_ms] failed: tag value contains invalid characters: qwen3.6:35b-coding
2026-10-02T19:17:56.612740Z  WARN codex_otel::events::session_telemetry: metrics counter [codex.sse_event] failed: tag value contains invalid characters: qwen3.6:35b-coding
2026-10-02T19:17:56.612776Z  WARN codex_otel::events::session_telemetry: metrics duration [codex.sse_event.duration_ms] failed: tag value contains invalid characters: qwen3.6:35b-coding
2026-10-02T19:17:56.612814Z  WARN codex_otel::events::session_telemetry: metrics counter [codex.sse_event] failed: tag value contains invalid characters: qwen3.6:35b-coding
2026-10-02T19:17:56.612829Z  WARN codex_otel::events::session_telemetry: metrics duration [codex.sse_event.duration_ms] failed: tag value contains invalid characters: qwen3.6:35b-coding
2026-10-02T19:17:56.612856Z  WARN codex_otel::events::session_telemetry: metrics counter [codex.sse_event] failed: tag value contains invalid characters: qwen3.6:35b-coding
2026-10-02T19:17:56.612866Z  WARN codex_otel::events::session_telemetry: metrics duration [codex.sse_event.duration_ms] failed: tag value contains invalid characters: qwen3.6:35b-coding
2026-10-02T19:17:56.638461Z  WARN codex_otel::events::session_telemetry: metrics counter [codex.sse_event] failed: tag value contains invalid characters: qwen3.6:35b-coding
2026-10-02T19:17:56.638494Z  WARN codex_otel::events::session_telemetry: metrics duration [codex.sse_event.duration_ms] failed: tag value contains invalid characters: qwen3.6:35b-coding
2026-10-02T19:17:56.638522Z  WARN codex_otel::events::session_telemetry: metrics counter [codex.sse_event] failed: tag value contains invalid characters: qwen3.6:35b-coding
2026-10-02T19:17:56.638535Z  WARN codex_otel::events::session_telemetry: metrics duration [codex.sse_event.duration_ms] failed: tag value contains invalid characters: qwen3.6:35b-coding
2026-10-02T19:17:56.638554Z  WARN codex_otel::events::session_telemetry: metrics counter [codex.sse_event] failed: tag value contains invalid characters: qwen3.6:35b-coding
2026-10-02T19:17:56.638572Z  WARN codex_otel::events::session_telemetry: metrics duration [codex.sse_event.duration_ms] failed: tag value contains invalid characters: qwen3.6:35b-coding
2026-10-02T19:17:56.664221Z  WARN codex_otel::events::session_telemetry: metrics counter [codex.sse_event] failed: tag value contains invalid characters: qwen3.6:35b-coding
2026-10-02T19:17:56.664255Z  WARN codex_otel::events::session_telemetry: metrics duration [codex.sse_event.duration_ms] failed: tag value contains invalid characters: qwen3.6:35b-coding
2026-10-02T19:17:56.664281Z  WARN codex_otel::events::session_telemetry: metrics counter [codex.sse_event] failed: tag value contains invalid characters: qwen3.6:35b-coding
2026-10-02T19:17:56.664293Z  WARN codex_otel::events::session_telemetry: metrics duration [codex.sse_event.duration_ms] failed: tag value contains invalid characters: qwen3.6:35b-coding
2026-10-02T19:17:56.664319Z  WARN codex_otel::events::session_telemetry: metrics counter [codex.sse_event] failed: tag value contains invalid characters: qwen3.6:35b-coding
2026-10-02T19:17:56.664339Z  WARN codex_otel::events::session_telemetry: metrics duration [codex.sse_event.duration_ms] failed: tag value contains invalid characters: qwen3.6:35b-coding
2026-10-02T19:17:56.689913Z  WARN codex_otel::events::session_telemetry: metrics counter [codex.sse_event] failed: tag value contains invalid characters: qwen3.6:35b-coding
2026-10-02T19:17:56.689944Z  WARN codex_otel::events::session_telemetry: metrics duration [codex.sse_event.duration_ms] failed: tag value contains invalid characters: qwen3.6:35b-coding
2026-10-02T19:17:56.689976Z  WARN codex_otel::events::session_telemetry: metrics counter [codex.sse_event] failed: tag value contains invalid characters: qwen3.6:35b-coding
2026-10-02T19:17:56.689988Z  WARN codex_otel::events::session_telemetry: metrics duration [codex.sse_event.duration_ms] failed: tag value contains invalid characters: qwen3.6:35b-coding
2026-10-02T19:17:56.690005Z  WARN codex_otel::events::session_telemetry: metrics counter [codex.sse_event] failed: tag value contains invalid characters: qwen3.6:35b-coding
2026-10-02T19:17:56.690011Z  WARN codex_otel::events::session_telemetry: metrics duration [codex.sse_event.duration_ms] failed: tag value contains invalid characters: qwen3.6:35b-coding
2026-10-02T19:17:56.715084Z  WARN codex_otel::events::session_telemetry: metrics counter [codex.sse_event] failed: tag value contains invalid characters: qwen3.6:35b-coding
2026-10-02T19:17:56.715114Z  WARN codex_otel::events::session_telemetry: metrics duration [codex.sse_event.duration_ms] failed: tag value contains invalid characters: qwen3.6:35b-coding
2026-10-02T19:17:56.740706Z  WARN codex_otel::events::session_telemetry: metrics counter [codex.sse_event] failed: tag value contains invalid characters: qwen3.6:35b-coding
2026-10-02T19:17:56.740745Z  WARN codex_otel::events::session_telemetry: metrics duration [codex.sse_event.duration_ms] failed: tag value contains invalid characters: qwen3.6:35b-coding
2026-10-02T19:17:56.766749Z  WARN codex_otel::events::session_telemetry: metrics counter [codex.sse_event] failed: tag value contains invalid characters: qwen3.6:35b-coding
2026-10-02T19:17:56.766787Z  WARN codex_otel::events::session_telemetry: metrics duration [codex.sse_event.duration_ms] failed: tag value contains invalid characters: qwen3.6:35b-coding
2026-10-02T19:17:56.766819Z  WARN codex_otel::events::session_telemetry: metrics counter [codex.sse_event] failed: tag value contains invalid characters: qwen3.6:35b-coding
2026-10-02T19:17:56.766837Z  WARN codex_otel::events::session_telemetry: metrics duration [codex.sse_event.duration_ms] failed: tag value contains invalid characters: qwen3.6:35b-coding
2026-10-02T19:17:56.766870Z  WARN codex_otel::events::session_telemetry: metrics counter [codex.sse_event] failed: tag value contains invalid characters: qwen3.6:35b-coding
2026-10-02T19:17:56.766893Z  WARN codex_otel::events::session_telemetry: metrics duration [codex.sse_event.duration_ms] failed: tag value contains invalid characters: qwen3.6:35b-coding
2026-10-02T19:17:56.792335Z  WARN codex_otel::events::session_telemetry: metrics counter [codex.sse_event] failed: tag value contains invalid characters: qwen3.6:35b-coding
2026-10-02T19:17:56.792363Z  WARN codex_otel::events::session_telemetry: metrics duration [codex.sse_event.duration_ms] failed: tag value contains invalid characters: qwen3.6:35b-coding
2026-10-02T19:17:56.792400Z  WARN codex_otel::events::session_telemetry: metrics counter [codex.sse_event] failed: tag value contains invalid characters: qwen3.6:35b-coding
2026-10-02T19:17:56.792414Z  WARN codex_otel::events::session_telemetry: metrics duration [codex.sse_event.duration_ms] failed: tag value contains invalid characters: qwen3.6:35b-coding
2026-10-02T19:17:56.817782Z  WARN codex_otel::events::session_telemetry: metrics counter [codex.sse_event] failed: tag value contains invalid characters: qwen3.6:35b-coding
2026-10-02T19:17:56.817807Z  WARN codex_otel::events::session_telemetry: metrics duration [codex.sse_event.duration_ms] failed: tag value contains invalid characters: qwen3.6:35b-coding
2026-10-02T19:17:56.817833Z  WARN codex_otel::events::session_telemetry: metrics counter [codex.sse_event] failed: tag value contains invalid characters: qwen3.6:35b-coding
2026-10-02T19:17:56.817844Z  WARN codex_otel::events::session_telemetry: metrics duration [codex.sse_event.duration_ms] failed: tag value contains invalid characters: qwen3.6:35b-coding
2026-10-02T19:17:56.817862Z  WARN codex_otel::events::session_telemetry: metrics counter [codex.sse_event] failed: tag value contains invalid characters: qwen3.6:35b-coding
2026-10-02T19:17:56.817872Z  WARN codex_otel::events::session_telemetry: metrics duration [codex.sse_event.duration_ms] failed: tag value contains invalid characters: qwen3.6:35b-coding
2026-10-02T19:17:56.843501Z  WARN codex_otel::events::session_telemetry: metrics counter [codex.sse_event] failed: tag value contains invalid characters: qwen3.6:35b-coding
2026-10-02T19:17:56.843535Z  WARN codex_otel::events::session_telemetry: metrics duration [codex.sse_event.duration_ms] failed: tag value contains invalid characters: qwen3.6:35b-coding
2026-10-02T19:17:56.843564Z  WARN codex_otel::events::session_telemetry: metrics counter [codex.sse_event] failed: tag value contains invalid characters: qwen3.6:35b-coding
2026-10-02T19:17:56.843576Z  WARN codex_otel::events::session_telemetry: metrics duration [codex.sse_event.duration_ms] failed: tag value contains invalid characters: qwen3.6:35b-coding
2026-10-02T19:17:56.868959Z  WARN codex_otel::events::session_telemetry: metrics counter [codex.sse_event] failed: tag value contains invalid characters: qwen3.6:35b-coding
2026-10-02T19:17:56.868984Z  WARN codex_otel::events::session_telemetry: metrics duration [codex.sse_event.duration_ms] failed: tag value contains invalid characters: qwen3.6:35b-coding
2026-10-02T19:17:56.894143Z  WARN codex_otel::events::session_telemetry: metrics counter [codex.sse_event] failed: tag value contains invalid characters: qwen3.6:35b-coding
2026-10-02T19:17:56.894176Z  WARN codex_otel::events::session_telemetry: metrics duration [codex.sse_event.duration_ms] failed: tag value contains invalid characters: qwen3.6:35b-coding
2026-10-02T19:17:56.921389Z  WARN codex_otel::events::session_telemetry: metrics counter [codex.sse_event] failed: tag value contains invalid characters: qwen3.6:35b-coding
2026-10-02T19:17:56.921418Z  WARN codex_otel::events::session_telemetry: metrics duration [codex.sse_event.duration_ms] failed: tag value contains invalid characters: qwen3.6:35b-coding
2026-10-02T19:17:56.921456Z  WARN codex_otel::events::session_telemetry: metrics counter [codex.sse_event] failed: tag value contains invalid characters: qwen3.6:35b-coding
2026-10-02T19:17:56.921471Z  WARN codex_otel::events::session_telemetry: metrics duration [codex.sse_event.duration_ms] failed: tag value contains invalid characters: qwen3.6:35b-coding
2026-10-02T19:17:56.921499Z  WARN codex_otel::events::session_telemetry: metrics counter [codex.sse_event] failed: tag value contains invalid characters: qwen3.6:35b-coding
2026-10-02T19:17:56.921506Z  WARN codex_otel::events::session_telemetry: metrics duration [codex.sse_event.duration_ms] failed: tag value contains invalid characters: qwen3.6:35b-coding
2026-10-02T19:17:56.947087Z  WARN codex_otel::events::session_telemetry: metrics counter [codex.sse_event] failed: tag value contains invalid characters: qwen3.6:35b-coding
2026-10-02T19:17:56.947115Z  WARN codex_otel::events::session_telemetry: metrics duration [codex.sse_event.duration_ms] failed: tag value contains invalid characters: qwen3.6:35b-coding
2026-10-02T19:17:56.947139Z  WARN codex_otel::events::session_telemetry: metrics counter [codex.sse_event] failed: tag value contains invalid characters: qwen3.6:35b-coding
2026-10-02T19:17:56.947147Z  WARN codex_otel::events::session_telemetry: metrics duration [codex.sse_event.duration_ms] failed: tag value contains invalid characters: qwen3.6:35b-coding
2026-10-02T19:17:56.947156Z  WARN codex_otel::events::session_telemetry: metrics counter [codex.sse_event] failed: tag value contains invalid characters: qwen3.6:35b-coding
2026-10-02T19:17:56.947161Z  WARN codex_otel::events::session_telemetry: metrics duration [codex.sse_event.duration_ms] failed: tag value contains invalid characters: qwen3.6:35b-coding
2026-10-02T19:17:56.971863Z  WARN codex_otel::events::session_telemetry: metrics counter [codex.sse_event] failed: tag value contains invalid characters: qwen3.6:35b-coding
2026-10-02T19:17:56.971889Z  WARN codex_otel::events::session_telemetry: metrics duration [codex.sse_event.duration_ms] failed: tag value contains invalid characters: qwen3.6:35b-coding
2026-10-02T19:17:56.971914Z  WARN codex_otel::events::session_telemetry: metrics counter [codex.sse_event] failed: tag value contains invalid characters: qwen3.6:35b-coding
2026-10-02T19:17:56.971920Z  WARN codex_otel::events::session_telemetry: metrics duration [codex.sse_event.duration_ms] failed: tag value contains invalid characters: qwen3.6:35b-coding
2026-10-02T19:17:56.971942Z  WARN codex_otel::events::session_telemetry: metrics counter [codex.sse_event] failed: tag value contains invalid characters: qwen3.6:35b-coding
2026-10-02T19:17:56.971951Z  WARN codex_otel::events::session_telemetry: metrics duration [codex.sse_event.duration_ms] failed: tag value contains invalid characters: qwen3.6:35b-coding
2026-10-02T19:17:56.997104Z  WARN codex_otel::events::session_telemetry: metrics counter [codex.sse_event] failed: tag value contains invalid characters: qwen3.6:35b-coding
2026-10-02T19:17:56.997143Z  WARN codex_otel::events::session_telemetry: metrics duration [codex.sse_event.duration_ms] failed: tag value contains invalid characters: qwen3.6:35b-coding
2026-10-02T19:17:56.997176Z  WARN codex_otel::events::session_telemetry: metrics counter [codex.sse_event] failed: tag value contains invalid characters: qwen3.6:35b-coding
2026-10-02T19:17:56.997189Z  WARN codex_otel::events::session_telemetry: metrics duration [codex.sse_event.duration_ms] failed: tag value contains invalid characters: qwen3.6:35b-coding
2026-10-02T19:17:56.997214Z  WARN codex_otel::events::session_telemetry: metrics counter [codex.sse_event] failed: tag value contains invalid characters: qwen3.6:35b-coding
2026-10-02T19:17:56.997227Z  WARN codex_otel::events::session_telemetry: metrics duration [codex.sse_event.duration_ms] failed: tag value contains invalid characters: qwen3.6:35b-coding
2026-10-02T19:17:57.022199Z  WARN codex_otel::events::session_telemetry: metrics counter [codex.sse_event] failed: tag value contains invalid characters: qwen3.6:35b-coding
2026-10-02T19:17:57.022228Z  WARN codex_otel::events::session_telemetry: metrics duration [codex.sse_event.duration_ms] failed: tag value contains invalid characters: qwen3.6:35b-coding
2026-10-02T19:17:57.022253Z  WARN codex_otel::events::session_telemetry: metrics counter [codex.sse_event] failed: tag value contains invalid characters: qwen3.6:35b-coding
2026-10-02T19:17:57.022275Z  WARN codex_otel::events::session_telemetry: metrics duration [codex.sse_event.duration_ms] failed: tag value contains invalid characters: qwen3.6:35b-coding
2026-10-02T19:17:57.022304Z  WARN codex_otel::events::session_telemetry: metrics counter [codex.sse_event] failed: tag value contains invalid characters: qwen3.6:35b-coding
2026-10-02T19:17:57.022315Z  WARN codex_otel::events::session_telemetry: metrics duration [codex.sse_event.duration_ms] failed: tag value contains invalid characters: qwen3.6:35b-coding
2026-10-02T19:17:57.047522Z  WARN codex_otel::events::session_telemetry: metrics counter [codex.sse_event] failed: tag value contains invalid characters: qwen3.6:35b-coding
2026-10-02T19:17:57.047545Z  WARN codex_otel::events::session_telemetry: metrics duration [codex.sse_event.duration_ms] failed: tag value contains invalid characters: qwen3.6:35b-coding
2026-10-02T19:17:57.047568Z  WARN codex_otel::events::session_telemetry: metrics counter [codex.sse_event] failed: tag value contains invalid characters: qwen3.6:35b-coding
2026-10-02T19:17:57.047576Z  WARN codex_otel::events::session_telemetry: metrics duration [codex.sse_event.duration_ms] failed: tag value contains invalid characters: qwen3.6:35b-coding
2026-10-02T19:17:57.047599Z  WARN codex_otel::events::session_telemetry: metrics counter [codex.sse_event] failed: tag value contains invalid characters: qwen3.6:35b-coding
2026-10-02T19:17:57.047607Z  WARN codex_otel::events::session_telemetry: metrics duration [codex.sse_event.duration_ms] failed: tag value contains invalid characters: qwen3.6:35b-coding
2026-10-02T19:17:57.072618Z  WARN codex_otel::events::session_telemetry: metrics counter [codex.sse_event] failed: tag value contains invalid characters: qwen3.6:35b-coding
2026-10-02T19:17:57.072654Z  WARN codex_otel::events::session_telemetry: metrics duration [codex.sse_event.duration_ms] failed: tag value contains invalid characters: qwen3.6:35b-coding
2026-10-02T19:17:57.072682Z  WARN codex_otel::events::session_telemetry: metrics counter [codex.sse_event] failed: tag value contains invalid characters: qwen3.6:35b-coding
2026-10-02T19:17:57.072691Z  WARN codex_otel::events::session_telemetry: metrics duration [codex.sse_event.duration_ms] failed: tag value contains invalid characters: qwen3.6:35b-coding
2026-10-02T19:17:57.072716Z  WARN codex_otel::events::session_telemetry: metrics counter [codex.sse_event] failed: tag value contains invalid characters: qwen3.6:35b-coding
2026-10-02T19:17:57.072722Z  WARN codex_otel::events::session_telemetry: metrics duration [codex.sse_event.duration_ms] failed: tag value contains invalid characters: qwen3.6:35b-coding
2026-10-02T19:17:57.097522Z  WARN codex_otel::events::session_telemetry: metrics counter [codex.sse_event] failed: tag value contains invalid characters: qwen3.6:35b-coding
2026-10-02T19:17:57.097542Z  WARN codex_otel::events::session_telemetry: metrics duration [codex.sse_event.duration_ms] failed: tag value contains invalid characters: qwen3.6:35b-coding
2026-10-02T19:17:57.122881Z  WARN codex_otel::events::session_telemetry: metrics counter [codex.sse_event] failed: tag value contains invalid characters: qwen3.6:35b-coding
2026-10-02T19:17:57.122915Z  WARN codex_otel::events::session_telemetry: metrics duration [codex.sse_event.duration_ms] failed: tag value contains invalid characters: qwen3.6:35b-coding
2026-10-02T19:17:57.122942Z  WARN codex_otel::events::session_telemetry: metrics counter [codex.sse_event] failed: tag value contains invalid characters: qwen3.6:35b-coding
2026-10-02T19:17:57.122951Z  WARN codex_otel::events::session_telemetry: metrics duration [codex.sse_event.duration_ms] failed: tag value contains invalid characters: qwen3.6:35b-coding
2026-10-02T19:17:57.122968Z  WARN codex_otel::events::session_telemetry: metrics counter [codex.sse_event] failed: tag value contains invalid characters: qwen3.6:35b-coding
2026-10-02T19:17:57.122973Z  WARN codex_otel::events::session_telemetry: metrics duration [codex.sse_event.duration_ms] failed: tag value contains invalid characters: qwen3.6:35b-coding
2026-10-02T19:17:57.148463Z  WARN codex_otel::events::session_telemetry: metrics counter [codex.sse_event] failed: tag value contains invalid characters: qwen3.6:35b-coding
2026-10-02T19:17:57.148490Z  WARN codex_otel::events::session_telemetry: metrics duration [codex.sse_event.duration_ms] failed: tag value contains invalid characters: qwen3.6:35b-coding
2026-10-02T19:17:57.148512Z  WARN codex_otel::events::session_telemetry: metrics counter [codex.sse_event] failed: tag value contains invalid characters: qwen3.6:35b-coding
2026-10-02T19:17:57.148521Z  WARN codex_otel::events::session_telemetry: metrics duration [codex.sse_event.duration_ms] failed: tag value contains invalid characters: qwen3.6:35b-coding
2026-10-02T19:17:57.148544Z  WARN codex_otel::events::session_telemetry: metrics counter [codex.sse_event] failed: tag value contains invalid characters: qwen3.6:35b-coding
2026-10-02T19:17:57.148552Z  WARN codex_otel::events::session_telemetry: metrics duration [codex.sse_event.duration_ms] failed: tag value contains invalid characters: qwen3.6:35b-coding
2026-10-02T19:17:57.173828Z  WARN codex_otel::events::session_telemetry: metrics counter [codex.sse_event] failed: tag value contains invalid characters: qwen3.6:35b-coding
2026-10-02T19:17:57.173844Z  WARN codex_otel::events::session_telemetry: metrics duration [codex.sse_event.duration_ms] failed: tag value contains invalid characters: qwen3.6:35b-coding
2026-10-02T19:17:57.173866Z  WARN codex_otel::events::session_telemetry: metrics counter [codex.sse_event] failed: tag value contains invalid characters: qwen3.6:35b-coding
2026-10-02T19:17:57.173873Z  WARN codex_otel::events::session_telemetry: metrics duration [codex.sse_event.duration_ms] failed: tag value contains invalid characters: qwen3.6:35b-coding
2026-10-02T19:17:57.199026Z  WARN codex_otel::events::session_telemetry: metrics counter [codex.sse_event] failed: tag value contains invalid characters: qwen3.6:35b-coding
2026-10-02T19:17:57.199051Z  WARN codex_otel::events::session_telemetry: metrics duration [codex.sse_event.duration_ms] failed: tag value contains invalid characters: qwen3.6:35b-coding
2026-10-02T19:17:57.199073Z  WARN codex_otel::events::session_telemetry: metrics counter [codex.sse_event] failed: tag value contains invalid characters: qwen3.6:35b-coding
2026-10-02T19:17:57.199080Z  WARN codex_otel::events::session_telemetry: metrics duration [codex.sse_event.duration_ms] failed: tag value contains invalid characters: qwen3.6:35b-coding
2026-10-02T19:17:57.199097Z  WARN codex_otel::events::session_telemetry: metrics counter [codex.sse_event] failed: tag value contains invalid characters: qwen3.6:35b-coding
2026-10-02T19:17:57.199106Z  WARN codex_otel::events::session_telemetry: metrics duration [codex.sse_event.duration_ms] failed: tag value contains invalid characters: qwen3.6:35b-coding
2026-10-02T19:17:57.224204Z  WARN codex_otel::events::session_telemetry: metrics counter [codex.sse_event] failed: tag value contains invalid characters: qwen3.6:35b-coding
2026-10-02T19:17:57.224218Z  WARN codex_otel::events::session_telemetry: metrics duration [codex.sse_event.duration_ms] failed: tag value contains invalid characters: qwen3.6:35b-coding
2026-10-02T19:17:57.224257Z  WARN codex_otel::events::session_telemetry: metrics counter [codex.sse_event] failed: tag value contains invalid characters: qwen3.6:35b-coding
2026-10-02T19:17:57.224263Z  WARN codex_otel::events::session_telemetry: metrics duration [codex.sse_event.duration_ms] failed: tag value contains invalid characters: qwen3.6:35b-coding
2026-10-02T19:17:57.250082Z  WARN codex_otel::events::session_telemetry: metrics counter [codex.sse_event] failed: tag value contains invalid characters: qwen3.6:35b-coding
2026-10-02T19:17:57.250102Z  WARN codex_otel::events::session_telemetry: metrics duration [codex.sse_event.duration_ms] failed: tag value contains invalid characters: qwen3.6:35b-coding
2026-10-02T19:17:57.250132Z  WARN codex_otel::events::session_telemetry: metrics counter [codex.sse_event] failed: tag value contains invalid characters: qwen3.6:35b-coding
2026-10-02T19:17:57.250147Z  WARN codex_otel::events::session_telemetry: metrics duration [codex.sse_event.duration_ms] failed: tag value contains invalid characters: qwen3.6:35b-coding
2026-10-02T19:17:57.250164Z  WARN codex_otel::events::session_telemetry: metrics counter [codex.sse_event] failed: tag value contains invalid characters: qwen3.6:35b-coding
2026-10-02T19:17:57.250169Z  WARN codex_otel::events::session_telemetry: metrics duration [codex.sse_event.duration_ms] failed: tag value contains invalid characters: qwen3.6:35b-coding
2026-10-02T19:17:57.275862Z  WARN codex_otel::events::session_telemetry: metrics counter [codex.sse_event] failed: tag value contains invalid characters: qwen3.6:35b-coding
2026-10-02T19:17:57.275872Z  WARN codex_otel::events::session_telemetry: metrics duration [codex.sse_event.duration_ms] failed: tag value contains invalid characters: qwen3.6:35b-coding
2026-10-02T19:17:57.275894Z  WARN codex_otel::events::session_telemetry: metrics counter [codex.sse_event] failed: tag value contains invalid characters: qwen3.6:35b-coding
2026-10-02T19:17:57.275901Z  WARN codex_otel::events::session_telemetry: metrics duration [codex.sse_event.duration_ms] failed: tag value contains invalid characters: qwen3.6:35b-coding
2026-10-02T19:17:57.301841Z  WARN codex_otel::events::session_telemetry: metrics counter [codex.sse_event] failed: tag value contains invalid characters: qwen3.6:35b-coding
2026-10-02T19:17:57.301870Z  WARN codex_otel::events::session_telemetry: metrics duration [codex.sse_event.duration_ms] failed: tag value contains invalid characters: qwen3.6:35b-coding
2026-10-02T19:17:57.301908Z  WARN codex_otel::events::session_telemetry: metrics counter [codex.sse_event] failed: tag value contains invalid characters: qwen3.6:35b-coding
2026-10-02T19:17:57.301913Z  WARN codex_otel::events::session_telemetry: metrics duration [codex.sse_event.duration_ms] failed: tag value contains invalid characters: qwen3.6:35b-coding
2026-10-02T19:17:57.301944Z  WARN codex_otel::events::session_telemetry: metrics counter [codex.sse_event] failed: tag value contains invalid characters: qwen3.6:35b-coding
2026-10-02T19:17:57.301951Z  WARN codex_otel::events::session_telemetry: metrics duration [codex.sse_event.duration_ms] failed: tag value contains invalid characters: qwen3.6:35b-coding
2026-10-02T19:17:57.301988Z  WARN codex_otel::events::session_telemetry: metrics counter [codex.sse_event] failed: tag value contains invalid characters: qwen3.6:35b-coding
2026-10-02T19:17:57.301994Z  WARN codex_otel::events::session_telemetry: metrics duration [codex.sse_event.duration_ms] failed: tag value contains invalid characters: qwen3.6:35b-coding
2026-10-02T19:17:57.302004Z  WARN codex_otel::events::session_telemetry: metrics counter [codex.sse_event] failed: tag value contains invalid characters: qwen3.6:35b-coding
2026-10-02T19:17:57.302009Z  WARN codex_otel::events::session_telemetry: metrics duration [codex.sse_event.duration_ms] failed: tag value contains invalid characters: qwen3.6:35b-coding
2026-10-02T19:17:57.326953Z  WARN codex_otel::events::session_telemetry: metrics counter [codex.sse_event] failed: tag value contains invalid characters: qwen3.6:35b-coding
2026-10-02T19:17:57.326974Z  WARN codex_otel::events::session_telemetry: metrics duration [codex.sse_event.duration_ms] failed: tag value contains invalid characters: qwen3.6:35b-coding
2026-10-02T19:17:57.326999Z  WARN codex_otel::events::session_telemetry: metrics counter [codex.sse_event] failed: tag value contains invalid characters: qwen3.6:35b-coding
2026-10-02T19:17:57.327007Z  WARN codex_otel::events::session_telemetry: metrics duration [codex.sse_event.duration_ms] failed: tag value contains invalid characters: qwen3.6:35b-coding
2026-10-02T19:17:57.327028Z  WARN codex_otel::events::session_telemetry: metrics counter [codex.sse_event] failed: tag value contains invalid characters: qwen3.6:35b-coding
2026-10-02T19:17:57.327033Z  WARN codex_otel::events::session_telemetry: metrics duration [codex.sse_event.duration_ms] failed: tag value contains invalid characters: qwen3.6:35b-coding
2026-10-02T19:17:57.352464Z  WARN codex_otel::events::session_telemetry: metrics counter [codex.sse_event] failed: tag value contains invalid characters: qwen3.6:35b-coding
2026-10-02T19:17:57.352487Z  WARN codex_otel::events::session_telemetry: metrics duration [codex.sse_event.duration_ms] failed: tag value contains invalid characters: qwen3.6:35b-coding
2026-10-02T19:17:57.352508Z  WARN codex_otel::events::session_telemetry: metrics counter [codex.sse_event] failed: tag value contains invalid characters: qwen3.6:35b-coding
2026-10-02T19:17:57.352517Z  WARN codex_otel::events::session_telemetry: metrics duration [codex.sse_event.duration_ms] failed: tag value contains invalid characters: qwen3.6:35b-coding
2026-10-02T19:17:57.352540Z  WARN codex_otel::events::session_telemetry: metrics counter [codex.sse_event] failed: tag value contains invalid characters: qwen3.6:35b-coding
2026-10-02T19:17:57.352547Z  WARN codex_otel::events::session_telemetry: metrics duration [codex.sse_event.duration_ms] failed: tag value contains invalid characters: qwen3.6:35b-coding
2026-10-02T19:17:57.378023Z  WARN codex_otel::events::session_telemetry: metrics counter [codex.sse_event] failed: tag value contains invalid characters: qwen3.6:35b-coding
2026-10-02T19:17:57.378036Z  WARN codex_otel::events::session_telemetry: metrics duration [codex.sse_event.duration_ms] failed: tag value contains invalid characters: qwen3.6:35b-coding
2026-10-02T19:17:57.378058Z  WARN codex_otel::events::session_telemetry: metrics counter [codex.sse_event] failed: tag value contains invalid characters: qwen3.6:35b-coding
2026-10-02T19:17:57.378065Z  WARN codex_otel::events::session_telemetry: metrics duration [codex.sse_event.duration_ms] failed: tag value contains invalid characters: qwen3.6:35b-coding
2026-10-02T19:17:57.378088Z  WARN codex_otel::events::session_telemetry: metrics counter [codex.sse_event] failed: tag value contains invalid characters: qwen3.6:35b-coding
2026-10-02T19:17:57.378094Z  WARN codex_otel::events::session_telemetry: metrics duration [codex.sse_event.duration_ms] failed: tag value contains invalid characters: qwen3.6:35b-coding
2026-10-02T19:17:57.403917Z  WARN codex_otel::events::session_telemetry: metrics counter [codex.sse_event] failed: tag value contains invalid characters: qwen3.6:35b-coding
2026-10-02T19:17:57.403938Z  WARN codex_otel::events::session_telemetry: metrics duration [codex.sse_event.duration_ms] failed: tag value contains invalid characters: qwen3.6:35b-coding
2026-10-02T19:17:57.403969Z  WARN codex_otel::events::session_telemetry: metrics counter [codex.sse_event] failed: tag value contains invalid characters: qwen3.6:35b-coding
2026-10-02T19:17:57.403976Z  WARN codex_otel::events::session_telemetry: metrics duration [codex.sse_event.duration_ms] failed: tag value contains invalid characters: qwen3.6:35b-coding
2026-10-02T19:17:57.429288Z  WARN codex_otel::events::session_telemetry: metrics counter [codex.sse_event] failed: tag value contains invalid characters: qwen3.6:35b-coding
2026-10-02T19:17:57.429309Z  WARN codex_otel::events::session_telemetry: metrics duration [codex.sse_event.duration_ms] failed: tag value contains invalid characters: qwen3.6:35b-coding
2026-10-02T19:17:57.454602Z  WARN codex_otel::events::session_telemetry: metrics counter [codex.sse_event] failed: tag value contains invalid characters: qwen3.6:35b-coding
2026-10-02T19:17:57.454625Z  WARN codex_otel::events::session_telemetry: metrics duration [codex.sse_event.duration_ms] failed: tag value contains invalid characters: qwen3.6:35b-coding
2026-10-02T19:17:57.454659Z  WARN codex_otel::events::session_telemetry: metrics counter [codex.sse_event] failed: tag value contains invalid characters: qwen3.6:35b-coding
2026-10-02T19:17:57.454669Z  WARN codex_otel::events::session_telemetry: metrics duration [codex.sse_event.duration_ms] failed: tag value contains invalid characters: qwen3.6:35b-coding
2026-10-02T19:17:57.454699Z  WARN codex_otel::events::session_telemetry: metrics counter [codex.sse_event] failed: tag value contains invalid characters: qwen3.6:35b-coding
2026-10-02T19:17:57.454708Z  WARN codex_otel::events::session_telemetry: metrics duration [codex.sse_event.duration_ms] failed: tag value contains invalid characters: qwen3.6:35b-coding
2026-10-02T19:17:57.480047Z  WARN codex_otel::events::session_telemetry: metrics counter [codex.sse_event] failed: tag value contains invalid characters: qwen3.6:35b-coding
2026-10-02T19:17:57.480072Z  WARN codex_otel::events::session_telemetry: metrics duration [codex.sse_event.duration_ms] failed: tag value contains invalid characters: qwen3.6:35b-coding
2026-10-02T19:17:57.862896Z  WARN codex_otel::events::session_telemetry: metrics counter [codex.sse_event] failed: tag value contains invalid characters: qwen3.6:35b-coding
2026-10-02T19:17:57.862935Z  WARN codex_otel::events::session_telemetry: metrics duration [codex.sse_event.duration_ms] failed: tag value contains invalid characters: qwen3.6:35b-coding
2026-10-02T19:17:57.862953Z  WARN codex_otel::events::session_telemetry: metrics counter [codex.sse_event] failed: tag value contains invalid characters: qwen3.6:35b-coding
2026-10-02T19:17:57.862960Z  WARN codex_otel::events::session_telemetry: metrics duration [codex.sse_event.duration_ms] failed: tag value contains invalid characters: qwen3.6:35b-coding
2026-10-02T19:17:57.862984Z  WARN codex_otel::events::session_telemetry: metrics counter [codex.sse_event] failed: tag value contains invalid characters: qwen3.6:35b-coding
2026-10-02T19:17:57.862989Z  WARN codex_otel::events::session_telemetry: metrics duration [codex.sse_event.duration_ms] failed: tag value contains invalid characters: qwen3.6:35b-coding
2026-10-02T19:17:57.863038Z  WARN codex_otel::events::session_telemetry: metrics duration [codex.turn.ttfm.duration_ms] failed: tag value contains invalid characters: qwen3.6:35b-coding
2026-10-02T19:17:57.863038Z  WARN codex_otel::events::session_telemetry: metrics counter [codex.sse_event] failed: tag value contains invalid characters: qwen3.6:35b-coding
2026-10-02T19:17:57.863070Z  WARN codex_otel::events::session_telemetry: metrics duration [codex.sse_event.duration_ms] failed: tag value contains invalid characters: qwen3.6:35b-coding
2026-10-02T19:17:57.863107Z  WARN codex_otel::events::session_telemetry: metrics counter [codex.sse_event] failed: tag value contains invalid characters: qwen3.6:35b-coding
2026-10-02T19:17:57.863114Z  WARN codex_otel::events::session_telemetry: metrics duration [codex.sse_event.duration_ms] failed: tag value contains invalid characters: qwen3.6:35b-coding
2026-10-02T19:17:57.863125Z  WARN codex_otel::events::session_telemetry: metrics counter [codex.sse_event] failed: tag value contains invalid characters: qwen3.6:35b-coding
2026-10-02T19:17:57.863130Z  WARN codex_otel::events::session_telemetry: metrics duration [codex.sse_event.duration_ms] failed: tag value contains invalid characters: qwen3.6:35b-coding
2026-10-02T19:17:57.863141Z  WARN codex_otel::events::session_telemetry: metrics counter [codex.sse_event] failed: tag value contains invalid characters: qwen3.6:35b-coding
2026-10-02T19:17:57.863147Z  WARN codex_otel::events::session_telemetry: metrics duration [codex.sse_event.duration_ms] failed: tag value contains invalid characters: qwen3.6:35b-coding
2026-10-02T19:17:57.869473Z  WARN codex_otel::events::session_telemetry: metrics counter [codex.tool.unified_exec] failed: tag value contains invalid characters: qwen3.6:35b-coding
2026-10-02T19:17:57.908789Z  WARN codex_otel::events::session_telemetry: metrics counter [codex.tool.call] failed: tag value contains invalid characters: qwen3.6:35b-coding
2026-10-02T19:17:57.908800Z  WARN codex_otel::events::session_telemetry: metrics duration [codex.tool.call.duration_ms] failed: tag value contains invalid characters: qwen3.6:35b-coding
2026-10-02T19:17:58.276541Z  WARN codex_otel::events::session_telemetry: metrics counter [codex.sse_event] failed: tag value contains invalid characters: qwen3.6:35b-coding
2026-10-02T19:17:58.276608Z  WARN codex_otel::events::session_telemetry: metrics duration [codex.sse_event.duration_ms] failed: tag value contains invalid characters: qwen3.6:35b-coding
2026-10-02T19:17:58.276662Z  WARN codex_otel::events::session_telemetry: metrics counter [codex.sse_event] failed: tag value contains invalid characters: qwen3.6:35b-coding
2026-10-02T19:17:58.276682Z  WARN codex_otel::events::session_telemetry: metrics duration [codex.sse_event.duration_ms] failed: tag value contains invalid characters: qwen3.6:35b-coding
2026-10-02T19:17:58.276703Z  WARN codex_otel::events::session_telemetry: metrics counter [codex.sse_event] failed: tag value contains invalid characters: qwen3.6:35b-coding
2026-10-02T19:17:58.276711Z  WARN codex_otel::events::session_telemetry: metrics duration [codex.sse_event.duration_ms] failed: tag value contains invalid characters: qwen3.6:35b-coding
2026-10-02T19:17:58.276732Z  WARN codex_otel::events::session_telemetry: metrics counter [codex.sse_event] failed: tag value contains invalid characters: qwen3.6:35b-coding
2026-10-02T19:17:58.276740Z  WARN codex_otel::events::session_telemetry: metrics duration [codex.sse_event.duration_ms] failed: tag value contains invalid characters: qwen3.6:35b-coding
2026-10-02T19:17:58.278990Z  WARN codex_otel::events::session_telemetry: metrics counter [codex.tool.unified_exec] failed: tag value contains invalid characters: qwen3.6:35b-coding
2026-10-02T19:17:58.304257Z  WARN codex_otel::events::session_telemetry: metrics counter [codex.sse_event] failed: tag value contains invalid characters: qwen3.6:35b-coding
2026-10-02T19:17:58.304289Z  WARN codex_otel::events::session_telemetry: metrics duration [codex.sse_event.duration_ms] failed: tag value contains invalid characters: qwen3.6:35b-coding
2026-10-02T19:17:58.323114Z  WARN codex_otel::events::session_telemetry: metrics counter [codex.tool.call] failed: tag value contains invalid characters: qwen3.6:35b-coding
2026-10-02T19:17:58.323131Z  WARN codex_otel::events::session_telemetry: metrics duration [codex.tool.call.duration_ms] failed: tag value contains invalid characters: qwen3.6:35b-coding
2026-10-02T19:17:58.743981Z  WARN codex_otel::events::session_telemetry: metrics counter [codex.api_request] failed: tag value contains invalid characters: qwen3.6:35b-coding
2026-10-02T19:17:58.744023Z  WARN codex_otel::events::session_telemetry: metrics duration [codex.api_request.duration_ms] failed: tag value contains invalid characters: qwen3.6:35b-coding
2026-10-02T19:17:58.744468Z  WARN codex_otel::events::session_telemetry: metrics counter [codex.sse_event] failed: tag value contains invalid characters: qwen3.6:35b-coding
2026-10-02T19:17:58.744495Z  WARN codex_otel::events::session_telemetry: metrics duration [codex.sse_event.duration_ms] failed: tag value contains invalid characters: qwen3.6:35b-coding
2026-10-02T19:17:58.744947Z  WARN codex_otel::events::session_telemetry: metrics counter [codex.sse_event] failed: tag value contains invalid characters: qwen3.6:35b-coding
2026-10-02T19:17:58.744960Z  WARN codex_otel::events::session_telemetry: metrics duration [codex.sse_event.duration_ms] failed: tag value contains invalid characters: qwen3.6:35b-coding
2026-10-02T19:17:58.745167Z  WARN codex_otel::events::session_telemetry: metrics counter [codex.sse_event] failed: tag value contains invalid characters: qwen3.6:35b-coding
2026-10-02T19:17:58.745175Z  WARN codex_otel::events::session_telemetry: metrics duration [codex.sse_event.duration_ms] failed: tag value contains invalid characters: qwen3.6:35b-coding
2026-10-02T19:17:58.745192Z  WARN codex_otel::events::session_telemetry: metrics counter [codex.sse_event] failed: tag value contains invalid characters: qwen3.6:35b-coding
2026-10-02T19:17:58.745197Z  WARN codex_otel::events::session_telemetry: metrics duration [codex.sse_event.duration_ms] failed: tag value contains invalid characters: qwen3.6:35b-coding
2026-10-02T19:17:58.771215Z  WARN codex_otel::events::session_telemetry: metrics counter [codex.sse_event] failed: tag value contains invalid characters: qwen3.6:35b-coding
2026-10-02T19:17:58.771249Z  WARN codex_otel::events::session_telemetry: metrics duration [codex.sse_event.duration_ms] failed: tag value contains invalid characters: qwen3.6:35b-coding
2026-10-02T19:17:58.771280Z  WARN codex_otel::events::session_telemetry: metrics counter [codex.sse_event] failed: tag value contains invalid characters: qwen3.6:35b-coding
2026-10-02T19:17:58.771297Z  WARN codex_otel::events::session_telemetry: metrics duration [codex.sse_event.duration_ms] failed: tag value contains invalid characters: qwen3.6:35b-coding
2026-10-02T19:17:58.796594Z  WARN codex_otel::events::session_telemetry: metrics counter [codex.sse_event] failed: tag value contains invalid characters: qwen3.6:35b-coding
2026-10-02T19:17:58.796632Z  WARN codex_otel::events::session_telemetry: metrics duration [codex.sse_event.duration_ms] failed: tag value contains invalid characters: qwen3.6:35b-coding
2026-10-02T19:17:58.822119Z  WARN codex_otel::events::session_telemetry: metrics counter [codex.sse_event] failed: tag value contains invalid characters: qwen3.6:35b-coding
2026-10-02T19:17:58.822161Z  WARN codex_otel::events::session_telemetry: metrics duration [codex.sse_event.duration_ms] failed: tag value contains invalid characters: qwen3.6:35b-coding
2026-10-02T19:17:58.822196Z  WARN codex_otel::events::session_telemetry: metrics counter [codex.sse_event] failed: tag value contains invalid characters: qwen3.6:35b-coding
2026-10-02T19:17:58.822208Z  WARN codex_otel::events::session_telemetry: metrics duration [codex.sse_event.duration_ms] failed: tag value contains invalid characters: qwen3.6:35b-coding
2026-10-02T19:17:58.847354Z  WARN codex_otel::events::session_telemetry: metrics counter [codex.sse_event] failed: tag value contains invalid characters: qwen3.6:35b-coding
2026-10-02T19:17:58.847390Z  WARN codex_otel::events::session_telemetry: metrics duration [codex.sse_event.duration_ms] failed: tag value contains invalid characters: qwen3.6:35b-coding
2026-10-02T19:17:58.847420Z  WARN codex_otel::events::session_telemetry: metrics counter [codex.sse_event] failed: tag value contains invalid characters: qwen3.6:35b-coding
2026-10-02T19:17:58.847432Z  WARN codex_otel::events::session_telemetry: metrics duration [codex.sse_event.duration_ms] failed: tag value contains invalid characters: qwen3.6:35b-coding
2026-10-02T19:17:58.847451Z  WARN codex_otel::events::session_telemetry: metrics counter [codex.sse_event] failed: tag value contains invalid characters: qwen3.6:35b-coding
2026-10-02T19:17:58.847460Z  WARN codex_otel::events::session_telemetry: metrics duration [codex.sse_event.duration_ms] failed: tag value contains invalid characters: qwen3.6:35b-coding
2026-10-02T19:17:58.872668Z  WARN codex_otel::events::session_telemetry: metrics counter [codex.sse_event] failed: tag value contains invalid characters: qwen3.6:35b-coding
2026-10-02T19:17:58.872703Z  WARN codex_otel::events::session_telemetry: metrics duration [codex.sse_event.duration_ms] failed: tag value contains invalid characters: qwen3.6:35b-coding
2026-10-02T19:17:58.872728Z  WARN codex_otel::events::session_telemetry: metrics counter [codex.sse_event] failed: tag value contains invalid characters: qwen3.6:35b-coding
2026-10-02T19:17:58.872740Z  WARN codex_otel::events::session_telemetry: metrics duration [codex.sse_event.duration_ms] failed: tag value contains invalid characters: qwen3.6:35b-coding
2026-10-02T19:17:58.898067Z  WARN codex_otel::events::session_telemetry: metrics counter [codex.sse_event] failed: tag value contains invalid characters: qwen3.6:35b-coding
2026-10-02T19:17:58.898103Z  WARN codex_otel::events::session_telemetry: metrics duration [codex.sse_event.duration_ms] failed: tag value contains invalid characters: qwen3.6:35b-coding
2026-10-02T19:17:58.898131Z  WARN codex_otel::events::session_telemetry: metrics counter [codex.sse_event] failed: tag value contains invalid characters: qwen3.6:35b-coding
2026-10-02T19:17:58.898141Z  WARN codex_otel::events::session_telemetry: metrics duration [codex.sse_event.duration_ms] failed: tag value contains invalid characters: qwen3.6:35b-coding
2026-10-02T19:17:58.898166Z  WARN codex_otel::events::session_telemetry: metrics counter [codex.sse_event] failed: tag value contains invalid characters: qwen3.6:35b-coding
2026-10-02T19:17:58.898174Z  WARN codex_otel::events::session_telemetry: metrics duration [codex.sse_event.duration_ms] failed: tag value contains invalid characters: qwen3.6:35b-coding
2026-10-02T19:17:58.923234Z  WARN codex_otel::events::session_telemetry: metrics counter [codex.sse_event] failed: tag value contains invalid characters: qwen3.6:35b-coding
2026-10-02T19:17:58.923262Z  WARN codex_otel::events::session_telemetry: metrics duration [codex.sse_event.duration_ms] failed: tag value contains invalid characters: qwen3.6:35b-coding
2026-10-02T19:17:58.923286Z  WARN codex_otel::events::session_telemetry: metrics counter [codex.sse_event] failed: tag value contains invalid characters: qwen3.6:35b-coding
2026-10-02T19:17:58.923297Z  WARN codex_otel::events::session_telemetry: metrics duration [codex.sse_event.duration_ms] failed: tag value contains invalid characters: qwen3.6:35b-coding
2026-10-02T19:17:58.923315Z  WARN codex_otel::events::session_telemetry: metrics counter [codex.sse_event] failed: tag value contains invalid characters: qwen3.6:35b-coding
2026-10-02T19:17:58.923320Z  WARN codex_otel::events::session_telemetry: metrics duration [codex.sse_event.duration_ms] failed: tag value contains invalid characters: qwen3.6:35b-coding
2026-10-02T19:17:58.949296Z  WARN codex_otel::events::session_telemetry: metrics counter [codex.sse_event] failed: tag value contains invalid characters: qwen3.6:35b-coding
2026-10-02T19:17:58.949323Z  WARN codex_otel::events::session_telemetry: metrics duration [codex.sse_event.duration_ms] failed: tag value contains invalid characters: qwen3.6:35b-coding
2026-10-02T19:17:58.949353Z  WARN codex_otel::events::session_telemetry: metrics counter [codex.sse_event] failed: tag value contains invalid characters: qwen3.6:35b-coding
2026-10-02T19:17:58.949368Z  WARN codex_otel::events::session_telemetry: metrics duration [codex.sse_event.duration_ms] failed: tag value contains invalid characters: qwen3.6:35b-coding
2026-10-02T19:17:58.974333Z  WARN codex_otel::events::session_telemetry: metrics counter [codex.sse_event] failed: tag value contains invalid characters: qwen3.6:35b-coding
2026-10-02T19:17:58.974361Z  WARN codex_otel::events::session_telemetry: metrics duration [codex.sse_event.duration_ms] failed: tag value contains invalid characters: qwen3.6:35b-coding
2026-10-02T19:17:58.974391Z  WARN codex_otel::events::session_telemetry: metrics counter [codex.sse_event] failed: tag value contains invalid characters: qwen3.6:35b-coding
2026-10-02T19:17:58.974402Z  WARN codex_otel::events::session_telemetry: metrics duration [codex.sse_event.duration_ms] failed: tag value contains invalid characters: qwen3.6:35b-coding
2026-10-02T19:17:58.974418Z  WARN codex_otel::events::session_telemetry: metrics counter [codex.sse_event] failed: tag value contains invalid characters: qwen3.6:35b-coding
2026-10-02T19:17:58.974428Z  WARN codex_otel::events::session_telemetry: metrics duration [codex.sse_event.duration_ms] failed: tag value contains invalid characters: qwen3.6:35b-coding
2026-10-02T19:17:58.999349Z  WARN codex_otel::events::session_telemetry: metrics counter [codex.sse_event] failed: tag value contains invalid characters: qwen3.6:35b-coding
2026-10-02T19:17:58.999377Z  WARN codex_otel::events::session_telemetry: metrics duration [codex.sse_event.duration_ms] failed: tag value contains invalid characters: qwen3.6:35b-coding
2026-10-02T19:17:59.025273Z  WARN codex_otel::events::session_telemetry: metrics counter [codex.sse_event] failed: tag value contains invalid characters: qwen3.6:35b-coding
2026-10-02T19:17:59.025298Z  WARN codex_otel::events::session_telemetry: metrics duration [codex.sse_event.duration_ms] failed: tag value contains invalid characters: qwen3.6:35b-coding
2026-10-02T19:17:59.025326Z  WARN codex_otel::events::session_telemetry: metrics counter [codex.sse_event] failed: tag value contains invalid characters: qwen3.6:35b-coding
2026-10-02T19:17:59.025342Z  WARN codex_otel::events::session_telemetry: metrics duration [codex.sse_event.duration_ms] failed: tag value contains invalid characters: qwen3.6:35b-coding
2026-10-02T19:17:59.025375Z  WARN codex_otel::events::session_telemetry: metrics counter [codex.sse_event] failed: tag value contains invalid characters: qwen3.6:35b-coding
2026-10-02T19:17:59.025386Z  WARN codex_otel::events::session_telemetry: metrics duration [codex.sse_event.duration_ms] failed: tag value contains invalid characters: qwen3.6:35b-coding
2026-10-02T19:17:59.050223Z  WARN codex_otel::events::session_telemetry: metrics counter [codex.sse_event] failed: tag value contains invalid characters: qwen3.6:35b-coding
2026-10-02T19:17:59.050244Z  WARN codex_otel::events::session_telemetry: metrics duration [codex.sse_event.duration_ms] failed: tag value contains invalid characters: qwen3.6:35b-coding
2026-10-02T19:17:59.050268Z  WARN codex_otel::events::session_telemetry: metrics counter [codex.sse_event] failed: tag value contains invalid characters: qwen3.6:35b-coding
2026-10-02T19:17:59.050277Z  WARN codex_otel::events::session_telemetry: metrics duration [codex.sse_event.duration_ms] failed: tag value contains invalid characters: qwen3.6:35b-coding
2026-10-02T19:17:59.050295Z  WARN codex_otel::events::session_telemetry: metrics counter [codex.sse_event] failed: tag value contains invalid characters: qwen3.6:35b-coding
2026-10-02T19:17:59.050301Z  WARN codex_otel::events::session_telemetry: metrics duration [codex.sse_event.duration_ms] failed: tag value contains invalid characters: qwen3.6:35b-coding
2026-10-02T19:17:59.076001Z  WARN codex_otel::events::session_telemetry: metrics counter [codex.sse_event] failed: tag value contains invalid characters: qwen3.6:35b-coding
2026-10-02T19:17:59.076029Z  WARN codex_otel::events::session_telemetry: metrics duration [codex.sse_event.duration_ms] failed: tag value contains invalid characters: qwen3.6:35b-coding
2026-10-02T19:17:59.076055Z  WARN codex_otel::events::session_telemetry: metrics counter [codex.sse_event] failed: tag value contains invalid characters: qwen3.6:35b-coding
2026-10-02T19:17:59.076065Z  WARN codex_otel::events::session_telemetry: metrics duration [codex.sse_event.duration_ms] failed: tag value contains invalid characters: qwen3.6:35b-coding
2026-10-02T19:17:59.076084Z  WARN codex_otel::events::session_telemetry: metrics counter [codex.sse_event] failed: tag value contains invalid characters: qwen3.6:35b-coding
2026-10-02T19:17:59.076097Z  WARN codex_otel::events::session_telemetry: metrics duration [codex.sse_event.duration_ms] failed: tag value contains invalid characters: qwen3.6:35b-coding
2026-10-02T19:17:59.101902Z  WARN codex_otel::events::session_telemetry: metrics counter [codex.sse_event] failed: tag value contains invalid characters: qwen3.6:35b-coding
2026-10-02T19:17:59.101927Z  WARN codex_otel::events::session_telemetry: metrics duration [codex.sse_event.duration_ms] failed: tag value contains invalid characters: qwen3.6:35b-coding
2026-10-02T19:17:59.101951Z  WARN codex_otel::events::session_telemetry: metrics counter [codex.sse_event] failed: tag value contains invalid characters: qwen3.6:35b-coding
2026-10-02T19:17:59.101959Z  WARN codex_otel::events::session_telemetry: metrics duration [codex.sse_event.duration_ms] failed: tag value contains invalid characters: qwen3.6:35b-coding
2026-10-02T19:17:59.127338Z  WARN codex_otel::events::session_telemetry: metrics counter [codex.sse_event] failed: tag value contains invalid characters: qwen3.6:35b-coding
2026-10-02T19:17:59.127387Z  WARN codex_otel::events::session_telemetry: metrics duration [codex.sse_event.duration_ms] failed: tag value contains invalid characters: qwen3.6:35b-coding
2026-10-02T19:17:59.127422Z  WARN codex_otel::events::session_telemetry: metrics counter [codex.sse_event] failed: tag value contains invalid characters: qwen3.6:35b-coding
2026-10-02T19:17:59.127461Z  WARN codex_otel::events::session_telemetry: metrics duration [codex.sse_event.duration_ms] failed: tag value contains invalid characters: qwen3.6:35b-coding
2026-10-02T19:17:59.127476Z  WARN codex_otel::events::session_telemetry: metrics counter [codex.sse_event] failed: tag value contains invalid characters: qwen3.6:35b-coding
2026-10-02T19:17:59.127495Z  WARN codex_otel::events::session_telemetry: metrics duration [codex.sse_event.duration_ms] failed: tag value contains invalid characters: qwen3.6:35b-coding
2026-10-02T19:17:59.153506Z  WARN codex_otel::events::session_telemetry: metrics counter [codex.sse_event] failed: tag value contains invalid characters: qwen3.6:35b-coding
2026-10-02T19:17:59.153533Z  WARN codex_otel::events::session_telemetry: metrics duration [codex.sse_event.duration_ms] failed: tag value contains invalid characters: qwen3.6:35b-coding
2026-10-02T19:17:59.153561Z  WARN codex_otel::events::session_telemetry: metrics counter [codex.sse_event] failed: tag value contains invalid characters: qwen3.6:35b-coding
2026-10-02T19:17:59.153572Z  WARN codex_otel::events::session_telemetry: metrics duration [codex.sse_event.duration_ms] failed: tag value contains invalid characters: qwen3.6:35b-coding
2026-10-02T19:17:59.179102Z  WARN codex_otel::events::session_telemetry: metrics counter [codex.sse_event] failed: tag value contains invalid characters: qwen3.6:35b-coding
2026-10-02T19:17:59.179143Z  WARN codex_otel::events::session_telemetry: metrics duration [codex.sse_event.duration_ms] failed: tag value contains invalid characters: qwen3.6:35b-coding
2026-10-02T19:17:59.179172Z  WARN codex_otel::events::session_telemetry: metrics counter [codex.sse_event] failed: tag value contains invalid characters: qwen3.6:35b-coding
2026-10-02T19:17:59.179181Z  WARN codex_otel::events::session_telemetry: metrics duration [codex.sse_event.duration_ms] failed: tag value contains invalid characters: qwen3.6:35b-coding
2026-10-02T19:17:59.179203Z  WARN codex_otel::events::session_telemetry: metrics counter [codex.sse_event] failed: tag value contains invalid characters: qwen3.6:35b-coding
2026-10-02T19:17:59.179211Z  WARN codex_otel::events::session_telemetry: metrics duration [codex.sse_event.duration_ms] failed: tag value contains invalid characters: qwen3.6:35b-coding
2026-10-02T19:17:59.204600Z  WARN codex_otel::events::session_telemetry: metrics counter [codex.sse_event] failed: tag value contains invalid characters: qwen3.6:35b-coding
2026-10-02T19:17:59.204623Z  WARN codex_otel::events::session_telemetry: metrics duration [codex.sse_event.duration_ms] failed: tag value contains invalid characters: qwen3.6:35b-coding
2026-10-02T19:17:59.204640Z  WARN codex_otel::events::session_telemetry: metrics counter [codex.sse_event] failed: tag value contains invalid characters: qwen3.6:35b-coding
2026-10-02T19:17:59.204649Z  WARN codex_otel::events::session_telemetry: metrics duration [codex.sse_event.duration_ms] failed: tag value contains invalid characters: qwen3.6:35b-coding
2026-10-02T19:17:59.230461Z  WARN codex_otel::events::session_telemetry: metrics counter [codex.sse_event] failed: tag value contains invalid characters: qwen3.6:35b-coding
2026-10-02T19:17:59.230482Z  WARN codex_otel::events::session_telemetry: metrics duration [codex.sse_event.duration_ms] failed: tag value contains invalid characters: qwen3.6:35b-coding
2026-10-02T19:17:59.230503Z  WARN codex_otel::events::session_telemetry: metrics counter [codex.sse_event] failed: tag value contains invalid characters: qwen3.6:35b-coding
2026-10-02T19:17:59.230510Z  WARN codex_otel::events::session_telemetry: metrics duration [codex.sse_event.duration_ms] failed: tag value contains invalid characters: qwen3.6:35b-coding
2026-10-02T19:17:59.230535Z  WARN codex_otel::events::session_telemetry: metrics counter [codex.sse_event] failed: tag value contains invalid characters: qwen3.6:35b-coding
2026-10-02T19:17:59.230545Z  WARN codex_otel::events::session_telemetry: metrics duration [codex.sse_event.duration_ms] failed: tag value contains invalid characters: qwen3.6:35b-coding
2026-10-02T19:17:59.255692Z  WARN codex_otel::events::session_telemetry: metrics counter [codex.sse_event] failed: tag value contains invalid characters: qwen3.6:35b-coding
2026-10-02T19:17:59.255719Z  WARN codex_otel::events::session_telemetry: metrics duration [codex.sse_event.duration_ms] failed: tag value contains invalid characters: qwen3.6:35b-coding
2026-10-02T19:17:59.281117Z  WARN codex_otel::events::session_telemetry: metrics counter [codex.sse_event] failed: tag value contains invalid characters: qwen3.6:35b-coding
2026-10-02T19:17:59.281140Z  WARN codex_otel::events::session_telemetry: metrics duration [codex.sse_event.duration_ms] failed: tag value contains invalid characters: qwen3.6:35b-coding
2026-10-02T19:17:59.307021Z  WARN codex_otel::events::session_telemetry: metrics counter [codex.sse_event] failed: tag value contains invalid characters: qwen3.6:35b-coding
2026-10-02T19:17:59.307033Z  WARN codex_otel::events::session_telemetry: metrics duration [codex.sse_event.duration_ms] failed: tag value contains invalid characters: qwen3.6:35b-coding
2026-10-02T19:17:59.307055Z  WARN codex_otel::events::session_telemetry: metrics counter [codex.sse_event] failed: tag value contains invalid characters: qwen3.6:35b-coding
2026-10-02T19:17:59.307068Z  WARN codex_otel::events::session_telemetry: metrics duration [codex.sse_event.duration_ms] failed: tag value contains invalid characters: qwen3.6:35b-coding
2026-10-02T19:17:59.332260Z  WARN codex_otel::events::session_telemetry: metrics counter [codex.sse_event] failed: tag value contains invalid characters: qwen3.6:35b-coding
2026-10-02T19:17:59.332286Z  WARN codex_otel::events::session_telemetry: metrics duration [codex.sse_event.duration_ms] failed: tag value contains invalid characters: qwen3.6:35b-coding
2026-10-02T19:17:59.332317Z  WARN codex_otel::events::session_telemetry: metrics counter [codex.sse_event] failed: tag value contains invalid characters: qwen3.6:35b-coding
2026-10-02T19:17:59.332324Z  WARN codex_otel::events::session_telemetry: metrics duration [codex.sse_event.duration_ms] failed: tag value contains invalid characters: qwen3.6:35b-coding
2026-10-02T19:17:59.332351Z  WARN codex_otel::events::session_telemetry: metrics counter [codex.sse_event] failed: tag value contains invalid characters: qwen3.6:35b-coding
2026-10-02T19:17:59.332357Z  WARN codex_otel::events::session_telemetry: metrics duration [codex.sse_event.duration_ms] failed: tag value contains invalid characters: qwen3.6:35b-coding
2026-10-02T19:17:59.332373Z  WARN codex_otel::events::session_telemetry: metrics counter [codex.sse_event] failed: tag value contains invalid characters: qwen3.6:35b-coding
2026-10-02T19:17:59.332377Z  WARN codex_otel::events::session_telemetry: metrics duration [codex.sse_event.duration_ms] failed: tag value contains invalid characters: qwen3.6:35b-coding
2026-10-02T19:17:59.332386Z  WARN codex_otel::events::session_telemetry: metrics counter [codex.sse_event] failed: tag value contains invalid characters: qwen3.6:35b-coding
2026-10-02T19:17:59.332389Z  WARN codex_otel::events::session_telemetry: metrics duration [codex.sse_event.duration_ms] failed: tag value contains invalid characters: qwen3.6:35b-coding
2026-10-02T19:17:59.357431Z  WARN codex_otel::events::session_telemetry: metrics counter [codex.sse_event] failed: tag value contains invalid characters: qwen3.6:35b-coding
2026-10-02T19:17:59.357453Z  WARN codex_otel::events::session_telemetry: metrics duration [codex.sse_event.duration_ms] failed: tag value contains invalid characters: qwen3.6:35b-coding
2026-10-02T19:17:59.357477Z  WARN codex_otel::events::session_telemetry: metrics counter [codex.sse_event] failed: tag value contains invalid characters: qwen3.6:35b-coding
2026-10-02T19:17:59.357486Z  WARN codex_otel::events::session_telemetry: metrics duration [codex.sse_event.duration_ms] failed: tag value contains invalid characters: qwen3.6:35b-coding
2026-10-02T19:17:59.383445Z  WARN codex_otel::events::session_telemetry: metrics counter [codex.sse_event] failed: tag value contains invalid characters: qwen3.6:35b-coding
2026-10-02T19:17:59.383476Z  WARN codex_otel::events::session_telemetry: metrics duration [codex.sse_event.duration_ms] failed: tag value contains invalid characters: qwen3.6:35b-coding
2026-10-02T19:17:59.383509Z  WARN codex_otel::events::session_telemetry: metrics counter [codex.sse_event] failed: tag value contains invalid characters: qwen3.6:35b-coding
2026-10-02T19:17:59.383518Z  WARN codex_otel::events::session_telemetry: metrics duration [codex.sse_event.duration_ms] failed: tag value contains invalid characters: qwen3.6:35b-coding
2026-10-02T19:17:59.383536Z  WARN codex_otel::events::session_telemetry: metrics counter [codex.sse_event] failed: tag value contains invalid characters: qwen3.6:35b-coding
2026-10-02T19:17:59.383542Z  WARN codex_otel::events::session_telemetry: metrics duration [codex.sse_event.duration_ms] failed: tag value contains invalid characters: qwen3.6:35b-coding
2026-10-02T19:17:59.409377Z  WARN codex_otel::events::session_telemetry: metrics counter [codex.sse_event] failed: tag value contains invalid characters: qwen3.6:35b-coding
2026-10-02T19:17:59.409402Z  WARN codex_otel::events::session_telemetry: metrics duration [codex.sse_event.duration_ms] failed: tag value contains invalid characters: qwen3.6:35b-coding
2026-10-02T19:17:59.409424Z  WARN codex_otel::events::session_telemetry: metrics counter [codex.sse_event] failed: tag value contains invalid characters: qwen3.6:35b-coding
2026-10-02T19:17:59.409433Z  WARN codex_otel::events::session_telemetry: metrics duration [codex.sse_event.duration_ms] failed: tag value contains invalid characters: qwen3.6:35b-coding
2026-10-02T19:17:59.435484Z  WARN codex_otel::events::session_telemetry: metrics counter [codex.sse_event] failed: tag value contains invalid characters: qwen3.6:35b-coding
2026-10-02T19:17:59.435514Z  WARN codex_otel::events::session_telemetry: metrics duration [codex.sse_event.duration_ms] failed: tag value contains invalid characters: qwen3.6:35b-coding
2026-10-02T19:17:59.435551Z  WARN codex_otel::events::session_telemetry: metrics counter [codex.sse_event] failed: tag value contains invalid characters: qwen3.6:35b-coding
2026-10-02T19:17:59.435558Z  WARN codex_otel::events::session_telemetry: metrics duration [codex.sse_event.duration_ms] failed: tag value contains invalid characters: qwen3.6:35b-coding
2026-10-02T19:17:59.435566Z  WARN codex_otel::events::session_telemetry: metrics counter [codex.sse_event] failed: tag value contains invalid characters: qwen3.6:35b-coding
2026-10-02T19:17:59.435574Z  WARN codex_otel::events::session_telemetry: metrics duration [codex.sse_event.duration_ms] failed: tag value contains invalid characters: qwen3.6:35b-coding
2026-10-02T19:17:59.460606Z  WARN codex_otel::events::session_telemetry: metrics counter [codex.sse_event] failed: tag value contains invalid characters: qwen3.6:35b-coding
2026-10-02T19:17:59.460641Z  WARN codex_otel::events::session_telemetry: metrics duration [codex.sse_event.duration_ms] failed: tag value contains invalid characters: qwen3.6:35b-coding
2026-10-02T19:17:59.488520Z  WARN codex_otel::events::session_telemetry: metrics counter [codex.sse_event] failed: tag value contains invalid characters: qwen3.6:35b-coding
2026-10-02T19:17:59.488551Z  WARN codex_otel::events::session_telemetry: metrics duration [codex.sse_event.duration_ms] failed: tag value contains invalid characters: qwen3.6:35b-coding
2026-10-02T19:17:59.488585Z  WARN codex_otel::events::session_telemetry: metrics counter [codex.sse_event] failed: tag value contains invalid characters: qwen3.6:35b-coding
2026-10-02T19:17:59.488599Z  WARN codex_otel::events::session_telemetry: metrics duration [codex.sse_event.duration_ms] failed: tag value contains invalid characters: qwen3.6:35b-coding
2026-10-02T19:17:59.488615Z  WARN codex_otel::events::session_telemetry: metrics counter [codex.sse_event] failed: tag value contains invalid characters: qwen3.6:35b-coding
2026-10-02T19:17:59.488622Z  WARN codex_otel::events::session_telemetry: metrics duration [codex.sse_event.duration_ms] failed: tag value contains invalid characters: qwen3.6:35b-coding
2026-10-02T19:17:59.514582Z  WARN codex_otel::events::session_telemetry: metrics counter [codex.sse_event] failed: tag value contains invalid characters: qwen3.6:35b-coding
2026-10-02T19:17:59.514605Z  WARN codex_otel::events::session_telemetry: metrics duration [codex.sse_event.duration_ms] failed: tag value contains invalid characters: qwen3.6:35b-coding
2026-10-02T19:17:59.514637Z  WARN codex_otel::events::session_telemetry: metrics counter [codex.sse_event] failed: tag value contains invalid characters: qwen3.6:35b-coding
2026-10-02T19:17:59.514649Z  WARN codex_otel::events::session_telemetry: metrics duration [codex.sse_event.duration_ms] failed: tag value contains invalid characters: qwen3.6:35b-coding
2026-10-02T19:17:59.514672Z  WARN codex_otel::events::session_telemetry: metrics counter [codex.sse_event] failed: tag value contains invalid characters: qwen3.6:35b-coding
2026-10-02T19:17:59.514678Z  WARN codex_otel::events::session_telemetry: metrics duration [codex.sse_event.duration_ms] failed: tag value contains invalid characters: qwen3.6:35b-coding
2026-10-02T19:17:59.540352Z  WARN codex_otel::events::session_telemetry: metrics counter [codex.sse_event] failed: tag value contains invalid characters: qwen3.6:35b-coding
2026-10-02T19:17:59.540376Z  WARN codex_otel::events::session_telemetry: metrics duration [codex.sse_event.duration_ms] failed: tag value contains invalid characters: qwen3.6:35b-coding
2026-10-02T19:17:59.567060Z  WARN codex_otel::events::session_telemetry: metrics counter [codex.sse_event] failed: tag value contains invalid characters: qwen3.6:35b-coding
2026-10-02T19:17:59.567097Z  WARN codex_otel::events::session_telemetry: metrics duration [codex.sse_event.duration_ms] failed: tag value contains invalid characters: qwen3.6:35b-coding
2026-10-02T19:17:59.567139Z  WARN codex_otel::events::session_telemetry: metrics counter [codex.sse_event] failed: tag value contains invalid characters: qwen3.6:35b-coding
2026-10-02T19:17:59.567162Z  WARN codex_otel::events::session_telemetry: metrics duration [codex.sse_event.duration_ms] failed: tag value contains invalid characters: qwen3.6:35b-coding
2026-10-02T19:17:59.567212Z  WARN codex_otel::events::session_telemetry: metrics counter [codex.sse_event] failed: tag value contains invalid characters: qwen3.6:35b-coding
2026-10-02T19:17:59.567235Z  WARN codex_otel::events::session_telemetry: metrics duration [codex.sse_event.duration_ms] failed: tag value contains invalid characters: qwen3.6:35b-coding
2026-10-02T19:17:59.592695Z  WARN codex_otel::events::session_telemetry: metrics counter [codex.sse_event] failed: tag value contains invalid characters: qwen3.6:35b-coding
2026-10-02T19:17:59.592739Z  WARN codex_otel::events::session_telemetry: metrics duration [codex.sse_event.duration_ms] failed: tag value contains invalid characters: qwen3.6:35b-coding
2026-10-02T19:17:59.592789Z  WARN codex_otel::events::session_telemetry: metrics counter [codex.sse_event] failed: tag value contains invalid characters: qwen3.6:35b-coding
2026-10-02T19:17:59.592811Z  WARN codex_otel::events::session_telemetry: metrics duration [codex.sse_event.duration_ms] failed: tag value contains invalid characters: qwen3.6:35b-coding
2026-10-02T19:17:59.592849Z  WARN codex_otel::events::session_telemetry: metrics counter [codex.sse_event] failed: tag value contains invalid characters: qwen3.6:35b-coding
2026-10-02T19:17:59.592860Z  WARN codex_otel::events::session_telemetry: metrics duration [codex.sse_event.duration_ms] failed: tag value contains invalid characters: qwen3.6:35b-coding
2026-10-02T19:18:00.309574Z  WARN codex_otel::events::session_telemetry: metrics counter [codex.sse_event] failed: tag value contains invalid characters: qwen3.6:35b-coding
2026-10-02T19:18:00.309624Z  WARN codex_otel::events::session_telemetry: metrics duration [codex.sse_event.duration_ms] failed: tag value contains invalid characters: qwen3.6:35b-coding
2026-10-02T19:18:00.309672Z  WARN codex_otel::events::session_telemetry: metrics counter [codex.sse_event] failed: tag value contains invalid characters: qwen3.6:35b-coding
2026-10-02T19:18:00.309691Z  WARN codex_otel::events::session_telemetry: metrics duration [codex.sse_event.duration_ms] failed: tag value contains invalid characters: qwen3.6:35b-coding
2026-10-02T19:18:00.309731Z  WARN codex_otel::events::session_telemetry: metrics counter [codex.sse_event] failed: tag value contains invalid characters: qwen3.6:35b-coding
2026-10-02T19:18:00.309739Z  WARN codex_otel::events::session_telemetry: metrics duration [codex.sse_event.duration_ms] failed: tag value contains invalid characters: qwen3.6:35b-coding
2026-10-02T19:18:00.309773Z  WARN codex_otel::events::session_telemetry: metrics counter [codex.sse_event] failed: tag value contains invalid characters: qwen3.6:35b-coding
2026-10-02T19:18:00.309787Z  WARN codex_otel::events::session_telemetry: metrics duration [codex.sse_event.duration_ms] failed: tag value contains invalid characters: qwen3.6:35b-coding
2026-10-02T19:18:00.309814Z  WARN codex_otel::events::session_telemetry: metrics counter [codex.sse_event] failed: tag value contains invalid characters: qwen3.6:35b-coding
2026-10-02T19:18:00.309823Z  WARN codex_otel::events::session_telemetry: metrics duration [codex.sse_event.duration_ms] failed: tag value contains invalid characters: qwen3.6:35b-coding
2026-10-02T19:18:00.309843Z  WARN codex_otel::events::session_telemetry: metrics counter [codex.sse_event] failed: tag value contains invalid characters: qwen3.6:35b-coding
2026-10-02T19:18:00.309857Z  WARN codex_otel::events::session_telemetry: metrics duration [codex.sse_event.duration_ms] failed: tag value contains invalid characters: qwen3.6:35b-coding
2026-10-02T19:18:00.309932Z  WARN codex_otel::events::session_telemetry: metrics counter [codex.sse_event] failed: tag value contains invalid characters: qwen3.6:35b-coding
2026-10-02T19:18:00.309954Z  WARN codex_otel::events::session_telemetry: metrics duration [codex.sse_event.duration_ms] failed: tag value contains invalid characters: qwen3.6:35b-coding
2026-10-02T19:18:00.312142Z  WARN codex_otel::events::session_telemetry: metrics counter [codex.sse_event] failed: tag value contains invalid characters: qwen3.6:35b-coding
2026-10-02T19:18:00.312158Z  WARN codex_otel::events::session_telemetry: metrics duration [codex.sse_event.duration_ms] failed: tag value contains invalid characters: qwen3.6:35b-coding
2026-10-02T19:18:00.312361Z  WARN codex_otel::events::session_telemetry: metrics counter [codex.tool.call] failed: tag value contains invalid characters: qwen3.6:35b-coding
2026-10-02T19:18:00.312376Z  WARN codex_otel::events::session_telemetry: metrics duration [codex.tool.call.duration_ms] failed: tag value contains invalid characters: qwen3.6:35b-coding
2026-10-02T19:18:00.312431Z ERROR codex_core::tools::router: error=write_stdin failed: Unknown process id 2
2026-10-02T19:18:00.558934Z  WARN codex_otel::events::session_telemetry: metrics counter [codex.api_request] failed: tag value contains invalid characters: qwen3.6:35b-coding
2026-10-02T19:18:00.558976Z  WARN codex_otel::events::session_telemetry: metrics duration [codex.api_request.duration_ms] failed: tag value contains invalid characters: qwen3.6:35b-coding
2026-10-02T19:18:00.559505Z  WARN codex_otel::events::session_telemetry: metrics counter [codex.sse_event] failed: tag value contains invalid characters: qwen3.6:35b-coding
2026-10-02T19:18:00.559521Z  WARN codex_otel::events::session_telemetry: metrics duration [codex.sse_event.duration_ms] failed: tag value contains invalid characters: qwen3.6:35b-coding
2026-10-02T19:18:00.560028Z  WARN codex_otel::events::session_telemetry: metrics counter [codex.sse_event] failed: tag value contains invalid characters: qwen3.6:35b-coding
2026-10-02T19:18:00.560041Z  WARN codex_otel::events::session_telemetry: metrics duration [codex.sse_event.duration_ms] failed: tag value contains invalid characters: qwen3.6:35b-coding
2026-10-02T19:18:00.560244Z  WARN codex_otel::events::session_telemetry: metrics counter [codex.sse_event] failed: tag value contains invalid characters: qwen3.6:35b-coding
2026-10-02T19:18:00.560251Z  WARN codex_otel::events::session_telemetry: metrics duration [codex.sse_event.duration_ms] failed: tag value contains invalid characters: qwen3.6:35b-coding
2026-10-02T19:18:00.560268Z  WARN codex_otel::events::session_telemetry: metrics counter [codex.sse_event] failed: tag value contains invalid characters: qwen3.6:35b-coding
2026-10-02T19:18:00.560273Z  WARN codex_otel::events::session_telemetry: metrics duration [codex.sse_event.duration_ms] failed: tag value contains invalid characters: qwen3.6:35b-coding
2026-10-02T19:18:00.585314Z  WARN codex_otel::events::session_telemetry: metrics counter [codex.sse_event] failed: tag value contains invalid characters: qwen3.6:35b-coding
2026-10-02T19:18:00.585346Z  WARN codex_otel::events::session_telemetry: metrics duration [codex.sse_event.duration_ms] failed: tag value contains invalid characters: qwen3.6:35b-coding
2026-10-02T19:18:00.610857Z  WARN codex_otel::events::session_telemetry: metrics counter [codex.sse_event] failed: tag value contains invalid characters: qwen3.6:35b-coding
2026-10-02T19:18:00.610888Z  WARN codex_otel::events::session_telemetry: metrics duration [codex.sse_event.duration_ms] failed: tag value contains invalid characters: qwen3.6:35b-coding
2026-10-02T19:18:00.610956Z  WARN codex_otel::events::session_telemetry: metrics counter [codex.sse_event] failed: tag value contains invalid characters: qwen3.6:35b-coding
2026-10-02T19:18:00.610989Z  WARN codex_otel::events::session_telemetry: metrics duration [codex.sse_event.duration_ms] failed: tag value contains invalid characters: qwen3.6:35b-coding
2026-10-02T19:18:00.611024Z  WARN codex_otel::events::session_telemetry: metrics counter [codex.sse_event] failed: tag value contains invalid characters: qwen3.6:35b-coding
2026-10-02T19:18:00.611034Z  WARN codex_otel::events::session_telemetry: metrics duration [codex.sse_event.duration_ms] failed: tag value contains invalid characters: qwen3.6:35b-coding
2026-10-02T19:18:00.635791Z  WARN codex_otel::events::session_telemetry: metrics counter [codex.sse_event] failed: tag value contains invalid characters: qwen3.6:35b-coding
2026-10-02T19:18:00.635819Z  WARN codex_otel::events::session_telemetry: metrics duration [codex.sse_event.duration_ms] failed: tag value contains invalid characters: qwen3.6:35b-coding
2026-10-02T19:18:00.661107Z  WARN codex_otel::events::session_telemetry: metrics counter [codex.sse_event] failed: tag value contains invalid characters: qwen3.6:35b-coding
2026-10-02T19:18:00.661119Z  WARN codex_otel::events::session_telemetry: metrics duration [codex.sse_event.duration_ms] failed: tag value contains invalid characters: qwen3.6:35b-coding
2026-10-02T19:18:00.661160Z  WARN codex_otel::events::session_telemetry: metrics counter [codex.sse_event] failed: tag value contains invalid characters: qwen3.6:35b-coding
2026-10-02T19:18:00.661191Z  WARN codex_otel::events::session_telemetry: metrics duration [codex.sse_event.duration_ms] failed: tag value contains invalid characters: qwen3.6:35b-coding
2026-10-02T19:18:00.661231Z  WARN codex_otel::events::session_telemetry: metrics counter [codex.sse_event] failed: tag value contains invalid characters: qwen3.6:35b-coding
2026-10-02T19:18:00.661246Z  WARN codex_otel::events::session_telemetry: metrics duration [codex.sse_event.duration_ms] failed: tag value contains invalid characters: qwen3.6:35b-coding
2026-10-02T19:18:00.686154Z  WARN codex_otel::events::session_telemetry: metrics counter [codex.sse_event] failed: tag value contains invalid characters: qwen3.6:35b-coding
2026-10-02T19:18:00.686196Z  WARN codex_otel::events::session_telemetry: metrics duration [codex.sse_event.duration_ms] failed: tag value contains invalid characters: qwen3.6:35b-coding
2026-10-02T19:18:00.686227Z  WARN codex_otel::events::session_telemetry: metrics counter [codex.sse_event] failed: tag value contains invalid characters: qwen3.6:35b-coding
2026-10-02T19:18:00.686237Z  WARN codex_otel::events::session_telemetry: metrics duration [codex.sse_event.duration_ms] failed: tag value contains invalid characters: qwen3.6:35b-coding
2026-10-02T19:18:00.711427Z  WARN codex_otel::events::session_telemetry: metrics counter [codex.sse_event] failed: tag value contains invalid characters: qwen3.6:35b-coding
2026-10-02T19:18:00.711478Z  WARN codex_otel::events::session_telemetry: metrics duration [codex.sse_event.duration_ms] failed: tag value contains invalid characters: qwen3.6:35b-coding
2026-10-02T19:18:00.711510Z  WARN codex_otel::events::session_telemetry: metrics counter [codex.sse_event] failed: tag value contains invalid characters: qwen3.6:35b-coding
2026-10-02T19:18:00.711522Z  WARN codex_otel::events::session_telemetry: metrics duration [codex.sse_event.duration_ms] failed: tag value contains invalid characters: qwen3.6:35b-coding
2026-10-02T19:18:00.711532Z  WARN codex_otel::events::session_telemetry: metrics counter [codex.sse_event] failed: tag value contains invalid characters: qwen3.6:35b-coding
2026-10-02T19:18:00.711536Z  WARN codex_otel::events::session_telemetry: metrics duration [codex.sse_event.duration_ms] failed: tag value contains invalid characters: qwen3.6:35b-coding
2026-10-02T19:18:00.736537Z  WARN codex_otel::events::session_telemetry: metrics counter [codex.sse_event] failed: tag value contains invalid characters: qwen3.6:35b-coding
2026-10-02T19:18:00.736574Z  WARN codex_otel::events::session_telemetry: metrics duration [codex.sse_event.duration_ms] failed: tag value contains invalid characters: qwen3.6:35b-coding
2026-10-02T19:18:00.736603Z  WARN codex_otel::events::session_telemetry: metrics counter [codex.sse_event] failed: tag value contains invalid characters: qwen3.6:35b-coding
2026-10-02T19:18:00.736613Z  WARN codex_otel::events::session_telemetry: metrics duration [codex.sse_event.duration_ms] failed: tag value contains invalid characters: qwen3.6:35b-coding
2026-10-02T19:18:00.762018Z  WARN codex_otel::events::session_telemetry: metrics counter [codex.sse_event] failed: tag value contains invalid characters: qwen3.6:35b-coding
2026-10-02T19:18:00.762056Z  WARN codex_otel::events::session_telemetry: metrics duration [codex.sse_event.duration_ms] failed: tag value contains invalid characters: qwen3.6:35b-coding
2026-10-02T19:18:00.762095Z  WARN codex_otel::events::session_telemetry: metrics counter [codex.sse_event] failed: tag value contains invalid characters: qwen3.6:35b-coding
2026-10-02T19:18:00.762106Z  WARN codex_otel::events::session_telemetry: metrics duration [codex.sse_event.duration_ms] failed: tag value contains invalid characters: qwen3.6:35b-coding
2026-10-02T19:18:00.762116Z  WARN codex_otel::events::session_telemetry: metrics counter [codex.sse_event] failed: tag value contains invalid characters: qwen3.6:35b-coding
2026-10-02T19:18:00.762121Z  WARN codex_otel::events::session_telemetry: metrics duration [codex.sse_event.duration_ms] failed: tag value contains invalid characters: qwen3.6:35b-coding
2026-10-02T19:18:00.787167Z  WARN codex_otel::events::session_telemetry: metrics counter [codex.sse_event] failed: tag value contains invalid characters: qwen3.6:35b-coding
2026-10-02T19:18:00.787209Z  WARN codex_otel::events::session_telemetry: metrics duration [codex.sse_event.duration_ms] failed: tag value contains invalid characters: qwen3.6:35b-coding
2026-10-02T19:18:00.787237Z  WARN codex_otel::events::session_telemetry: metrics counter [codex.sse_event] failed: tag value contains invalid characters: qwen3.6:35b-coding
2026-10-02T19:18:00.787246Z  WARN codex_otel::events::session_telemetry: metrics duration [codex.sse_event.duration_ms] failed: tag value contains invalid characters: qwen3.6:35b-coding
2026-10-02T19:18:00.787261Z  WARN codex_otel::events::session_telemetry: metrics counter [codex.sse_event] failed: tag value contains invalid characters: qwen3.6:35b-coding
2026-10-02T19:18:00.787271Z  WARN codex_otel::events::session_telemetry: metrics duration [codex.sse_event.duration_ms] failed: tag value contains invalid characters: qwen3.6:35b-coding
2026-10-02T19:18:00.812356Z  WARN codex_otel::events::session_telemetry: metrics counter [codex.sse_event] failed: tag value contains invalid characters: qwen3.6:35b-coding
2026-10-02T19:18:00.812401Z  WARN codex_otel::events::session_telemetry: metrics duration [codex.sse_event.duration_ms] failed: tag value contains invalid characters: qwen3.6:35b-coding
2026-10-02T19:18:00.812430Z  WARN codex_otel::events::session_telemetry: metrics counter [codex.sse_event] failed: tag value contains invalid characters: qwen3.6:35b-coding
2026-10-02T19:18:00.812440Z  WARN codex_otel::events::session_telemetry: metrics duration [codex.sse_event.duration_ms] failed: tag value contains invalid characters: qwen3.6:35b-coding
2026-10-02T19:18:00.812449Z  WARN codex_otel::events::session_telemetry: metrics counter [codex.sse_event] failed: tag value contains invalid characters: qwen3.6:35b-coding
2026-10-02T19:18:00.812454Z  WARN codex_otel::events::session_telemetry: metrics duration [codex.sse_event.duration_ms] failed: tag value contains invalid characters: qwen3.6:35b-coding
2026-10-02T19:18:00.837271Z  WARN codex_otel::events::session_telemetry: metrics counter [codex.sse_event] failed: tag value contains invalid characters: qwen3.6:35b-coding
2026-10-02T19:18:00.837291Z  WARN codex_otel::events::session_telemetry: metrics duration [codex.sse_event.duration_ms] failed: tag value contains invalid characters: qwen3.6:35b-coding
2026-10-02T19:18:00.837328Z  WARN codex_otel::events::session_telemetry: metrics counter [codex.sse_event] failed: tag value contains invalid characters: qwen3.6:35b-coding
2026-10-02T19:18:00.837338Z  WARN codex_otel::events::session_telemetry: metrics duration [codex.sse_event.duration_ms] failed: tag value contains invalid characters: qwen3.6:35b-coding
2026-10-02T19:18:00.862476Z  WARN codex_otel::events::session_telemetry: metrics counter [codex.sse_event] failed: tag value contains invalid characters: qwen3.6:35b-coding
2026-10-02T19:18:00.862510Z  WARN codex_otel::events::session_telemetry: metrics duration [codex.sse_event.duration_ms] failed: tag value contains invalid characters: qwen3.6:35b-coding
2026-10-02T19:18:00.862547Z  WARN codex_otel::events::session_telemetry: metrics counter [codex.sse_event] failed: tag value contains invalid characters: qwen3.6:35b-coding
2026-10-02T19:18:00.862559Z  WARN codex_otel::events::session_telemetry: metrics duration [codex.sse_event.duration_ms] failed: tag value contains invalid characters: qwen3.6:35b-coding
2026-10-02T19:18:00.862585Z  WARN codex_otel::events::session_telemetry: metrics counter [codex.sse_event] failed: tag value contains invalid characters: qwen3.6:35b-coding
2026-10-02T19:18:00.862598Z  WARN codex_otel::events::session_telemetry: metrics duration [codex.sse_event.duration_ms] failed: tag value contains invalid characters: qwen3.6:35b-coding
2026-10-02T19:18:00.887725Z  WARN codex_otel::events::session_telemetry: metrics counter [codex.sse_event] failed: tag value contains invalid characters: qwen3.6:35b-coding
2026-10-02T19:18:00.887759Z  WARN codex_otel::events::session_telemetry: metrics duration [codex.sse_event.duration_ms] failed: tag value contains invalid characters: qwen3.6:35b-coding
2026-10-02T19:18:00.887787Z  WARN codex_otel::events::session_telemetry: metrics counter [codex.sse_event] failed: tag value contains invalid characters: qwen3.6:35b-coding
2026-10-02T19:18:00.887800Z  WARN codex_otel::events::session_telemetry: metrics duration [codex.sse_event.duration_ms] failed: tag value contains invalid characters: qwen3.6:35b-coding
2026-10-02T19:18:00.912867Z  WARN codex_otel::events::session_telemetry: metrics counter [codex.sse_event] failed: tag value contains invalid characters: qwen3.6:35b-coding
2026-10-02T19:18:00.912910Z  WARN codex_otel::events::session_telemetry: metrics duration [codex.sse_event.duration_ms] failed: tag value contains invalid characters: qwen3.6:35b-coding
2026-10-02T19:18:00.912941Z  WARN codex_otel::events::session_telemetry: metrics counter [codex.sse_event] failed: tag value contains invalid characters: qwen3.6:35b-coding
2026-10-02T19:18:00.912953Z  WARN codex_otel::events::session_telemetry: metrics duration [codex.sse_event.duration_ms] failed: tag value contains invalid characters: qwen3.6:35b-coding
2026-10-02T19:18:00.912973Z  WARN codex_otel::events::session_telemetry: metrics counter [codex.sse_event] failed: tag value contains invalid characters: qwen3.6:35b-coding
2026-10-02T19:18:00.912985Z  WARN codex_otel::events::session_telemetry: metrics duration [codex.sse_event.duration_ms] failed: tag value contains invalid characters: qwen3.6:35b-coding
2026-10-02T19:18:00.937810Z  WARN codex_otel::events::session_telemetry: metrics counter [codex.sse_event] failed: tag value contains invalid characters: qwen3.6:35b-coding
2026-10-02T19:18:00.937854Z  WARN codex_otel::events::session_telemetry: metrics duration [codex.sse_event.duration_ms] failed: tag value contains invalid characters: qwen3.6:35b-coding
2026-10-02T19:18:00.962913Z  WARN codex_otel::events::session_telemetry: metrics counter [codex.sse_event] failed: tag value contains invalid characters: qwen3.6:35b-coding
2026-10-02T19:18:00.962944Z  WARN codex_otel::events::session_telemetry: metrics duration [codex.sse_event.duration_ms] failed: tag value contains invalid characters: qwen3.6:35b-coding
2026-10-02T19:18:00.988378Z  WARN codex_otel::events::session_telemetry: metrics counter [codex.sse_event] failed: tag value contains invalid characters: qwen3.6:35b-coding
2026-10-02T19:18:00.988484Z  WARN codex_otel::events::session_telemetry: metrics duration [codex.sse_event.duration_ms] failed: tag value contains invalid characters: qwen3.6:35b-coding
2026-10-02T19:18:01.016206Z  WARN codex_otel::events::session_telemetry: metrics counter [codex.sse_event] failed: tag value contains invalid characters: qwen3.6:35b-coding
2026-10-02T19:18:01.016283Z  WARN codex_otel::events::session_telemetry: metrics duration [codex.sse_event.duration_ms] failed: tag value contains invalid characters: qwen3.6:35b-coding
2026-10-02T19:18:01.016347Z  WARN codex_otel::events::session_telemetry: metrics counter [codex.sse_event] failed: tag value contains invalid characters: qwen3.6:35b-coding
2026-10-02T19:18:01.016416Z  WARN codex_otel::events::session_telemetry: metrics duration [codex.sse_event.duration_ms] failed: tag value contains invalid characters: qwen3.6:35b-coding
2026-10-02T19:18:01.016464Z  WARN codex_otel::events::session_telemetry: metrics counter [codex.sse_event] failed: tag value contains invalid characters: qwen3.6:35b-coding
2026-10-02T19:18:01.016500Z  WARN codex_otel::events::session_telemetry: metrics duration [codex.sse_event.duration_ms] failed: tag value contains invalid characters: qwen3.6:35b-coding
2026-10-02T19:18:01.043109Z  WARN codex_otel::events::session_telemetry: metrics counter [codex.sse_event] failed: tag value contains invalid characters: qwen3.6:35b-coding
2026-10-02T19:18:01.043162Z  WARN codex_otel::events::session_telemetry: metrics duration [codex.sse_event.duration_ms] failed: tag value contains invalid characters: qwen3.6:35b-coding
2026-10-02T19:18:01.071899Z  WARN codex_otel::events::session_telemetry: metrics counter [codex.sse_event] failed: tag value contains invalid characters: qwen3.6:35b-coding
2026-10-02T19:18:01.072001Z  WARN codex_otel::events::session_telemetry: metrics duration [codex.sse_event.duration_ms] failed: tag value contains invalid characters: qwen3.6:35b-coding
2026-10-02T19:18:01.072052Z  WARN codex_otel::events::session_telemetry: metrics counter [codex.sse_event] failed: tag value contains invalid characters: qwen3.6:35b-coding
2026-10-02T19:18:01.072076Z  WARN codex_otel::events::session_telemetry: metrics duration [codex.sse_event.duration_ms] failed: tag value contains invalid characters: qwen3.6:35b-coding
2026-10-02T19:18:01.102466Z  WARN codex_otel::events::session_telemetry: metrics counter [codex.sse_event] failed: tag value contains invalid characters: qwen3.6:35b-coding
2026-10-02T19:18:01.102509Z  WARN codex_otel::events::session_telemetry: metrics duration [codex.sse_event.duration_ms] failed: tag value contains invalid characters: qwen3.6:35b-coding
2026-10-02T19:18:01.128489Z  WARN codex_otel::events::session_telemetry: metrics counter [codex.sse_event] failed: tag value contains invalid characters: qwen3.6:35b-coding
2026-10-02T19:18:01.128524Z  WARN codex_otel::events::session_telemetry: metrics duration [codex.sse_event.duration_ms] failed: tag value contains invalid characters: qwen3.6:35b-coding
2026-10-02T19:18:01.128557Z  WARN codex_otel::events::session_telemetry: metrics counter [codex.sse_event] failed: tag value contains invalid characters: qwen3.6:35b-coding
2026-10-02T19:18:01.128570Z  WARN codex_otel::events::session_telemetry: metrics duration [codex.sse_event.duration_ms] failed: tag value contains invalid characters: qwen3.6:35b-coding
2026-10-02T19:18:01.959817Z  WARN codex_otel::events::session_telemetry: metrics counter [codex.sse_event] failed: tag value contains invalid characters: qwen3.6:35b-coding
2026-10-02T19:18:01.960408Z  WARN codex_otel::events::session_telemetry: metrics duration [codex.sse_event.duration_ms] failed: tag value contains invalid characters: qwen3.6:35b-coding
2026-10-02T19:18:01.960482Z  WARN codex_otel::events::session_telemetry: metrics counter [codex.sse_event] failed: tag value contains invalid characters: qwen3.6:35b-coding
2026-10-02T19:18:01.960561Z  WARN codex_otel::events::session_telemetry: metrics duration [codex.sse_event.duration_ms] failed: tag value contains invalid characters: qwen3.6:35b-coding
2026-10-02T19:18:01.960628Z  WARN codex_otel::events::session_telemetry: metrics counter [codex.sse_event] failed: tag value contains invalid characters: qwen3.6:35b-coding
2026-10-02T19:18:01.960662Z  WARN codex_otel::events::session_telemetry: metrics duration [codex.sse_event.duration_ms] failed: tag value contains invalid characters: qwen3.6:35b-coding
2026-10-02T19:18:01.960726Z  WARN codex_otel::events::session_telemetry: metrics counter [codex.sse_event] failed: tag value contains invalid characters: qwen3.6:35b-coding
2026-10-02T19:18:01.960740Z  WARN codex_otel::events::session_telemetry: metrics duration [codex.sse_event.duration_ms] failed: tag value contains invalid characters: qwen3.6:35b-coding
2026-10-02T19:18:01.960777Z  WARN codex_otel::events::session_telemetry: metrics counter [codex.sse_event] failed: tag value contains invalid characters: qwen3.6:35b-coding
2026-10-02T19:18:01.960815Z  WARN codex_otel::events::session_telemetry: metrics duration [codex.sse_event.duration_ms] failed: tag value contains invalid characters: qwen3.6:35b-coding
2026-10-02T19:18:01.960836Z  WARN codex_otel::events::session_telemetry: metrics counter [codex.sse_event] failed: tag value contains invalid characters: qwen3.6:35b-coding
2026-10-02T19:18:01.961983Z  WARN codex_otel::events::session_telemetry: metrics duration [codex.sse_event.duration_ms] failed: tag value contains invalid characters: qwen3.6:35b-coding
2026-10-02T19:18:01.967318Z  WARN codex_otel::events::session_telemetry: metrics counter [codex.tool.unified_exec] failed: tag value contains invalid characters: qwen3.6:35b-coding
2026-10-02T19:18:02.012829Z  WARN codex_otel::events::session_telemetry: metrics counter [codex.tool.call] failed: tag value contains invalid characters: qwen3.6:35b-coding
2026-10-02T19:18:02.012840Z  WARN codex_otel::events::session_telemetry: metrics duration [codex.tool.call.duration_ms] failed: tag value contains invalid characters: qwen3.6:35b-coding
2026-10-02T19:18:03.224804Z  WARN codex_otel::events::session_telemetry: metrics counter [codex.sse_event] failed: tag value contains invalid characters: qwen3.6:35b-coding
2026-10-02T19:18:03.224860Z  WARN codex_otel::events::session_telemetry: metrics duration [codex.sse_event.duration_ms] failed: tag value contains invalid characters: qwen3.6:35b-coding
2026-10-02T19:18:03.224919Z  WARN codex_otel::events::session_telemetry: metrics counter [codex.sse_event] failed: tag value contains invalid characters: qwen3.6:35b-coding
2026-10-02T19:18:03.224940Z  WARN codex_otel::events::session_telemetry: metrics duration [codex.sse_event.duration_ms] failed: tag value contains invalid characters: qwen3.6:35b-coding
2026-10-02T19:18:03.224962Z  WARN codex_otel::events::session_telemetry: metrics counter [codex.sse_event] failed: tag value contains invalid characters: qwen3.6:35b-coding
2026-10-02T19:18:03.224970Z  WARN codex_otel::events::session_telemetry: metrics duration [codex.sse_event.duration_ms] failed: tag value contains invalid characters: qwen3.6:35b-coding
2026-10-02T19:18:03.224988Z  WARN codex_otel::events::session_telemetry: metrics counter [codex.sse_event] failed: tag value contains invalid characters: qwen3.6:35b-coding
2026-10-02T19:18:03.224995Z  WARN codex_otel::events::session_telemetry: metrics duration [codex.sse_event.duration_ms] failed: tag value contains invalid characters: qwen3.6:35b-coding
2026-10-02T19:18:03.226910Z  WARN codex_otel::events::session_telemetry: metrics counter [codex.tool.unified_exec] failed: tag value contains invalid characters: qwen3.6:35b-coding
2026-10-02T19:18:03.228096Z  WARN codex_otel::events::session_telemetry: metrics counter [codex.sse_event] failed: tag value contains invalid characters: qwen3.6:35b-coding
2026-10-02T19:18:03.228111Z  WARN codex_otel::events::session_telemetry: metrics duration [codex.sse_event.duration_ms] failed: tag value contains invalid characters: qwen3.6:35b-coding
2026-10-02T19:18:03.270033Z  WARN codex_otel::events::session_telemetry: metrics counter [codex.tool.call] failed: tag value contains invalid characters: qwen3.6:35b-coding
2026-10-02T19:18:03.270047Z  WARN codex_otel::events::session_telemetry: metrics duration [codex.tool.call.duration_ms] failed: tag value contains invalid characters: qwen3.6:35b-coding
2026-10-02T19:18:03.603284Z  WARN codex_otel::events::session_telemetry: metrics counter [codex.api_request] failed: tag value contains invalid characters: qwen3.6:35b-coding
2026-10-02T19:18:03.603326Z  WARN codex_otel::events::session_telemetry: metrics duration [codex.api_request.duration_ms] failed: tag value contains invalid characters: qwen3.6:35b-coding
2026-10-02T19:18:03.603815Z  WARN codex_otel::events::session_telemetry: metrics counter [codex.sse_event] failed: tag value contains invalid characters: qwen3.6:35b-coding
2026-10-02T19:18:03.603833Z  WARN codex_otel::events::session_telemetry: metrics duration [codex.sse_event.duration_ms] failed: tag value contains invalid characters: qwen3.6:35b-coding
2026-10-02T19:18:03.604275Z  WARN codex_otel::events::session_telemetry: metrics counter [codex.sse_event] failed: tag value contains invalid characters: qwen3.6:35b-coding
2026-10-02T19:18:03.604283Z  WARN codex_otel::events::session_telemetry: metrics duration [codex.sse_event.duration_ms] failed: tag value contains invalid characters: qwen3.6:35b-coding
2026-10-02T19:18:03.604472Z  WARN codex_otel::events::session_telemetry: metrics counter [codex.sse_event] failed: tag value contains invalid characters: qwen3.6:35b-coding
2026-10-02T19:18:03.604477Z  WARN codex_otel::events::session_telemetry: metrics duration [codex.sse_event.duration_ms] failed: tag value contains invalid characters: qwen3.6:35b-coding
2026-10-02T19:18:03.604494Z  WARN codex_otel::events::session_telemetry: metrics counter [codex.sse_event] failed: tag value contains invalid characters: qwen3.6:35b-coding
2026-10-02T19:18:03.604502Z  WARN codex_otel::events::session_telemetry: metrics duration [codex.sse_event.duration_ms] failed: tag value contains invalid characters: qwen3.6:35b-coding
2026-10-02T19:18:03.630919Z  WARN codex_otel::events::session_telemetry: metrics counter [codex.sse_event] failed: tag value contains invalid characters: qwen3.6:35b-coding
2026-10-02T19:18:03.630973Z  WARN codex_otel::events::session_telemetry: metrics duration [codex.sse_event.duration_ms] failed: tag value contains invalid characters: qwen3.6:35b-coding
2026-10-02T19:18:03.631005Z  WARN codex_otel::events::session_telemetry: metrics counter [codex.sse_event] failed: tag value contains invalid characters: qwen3.6:35b-coding
2026-10-02T19:18:03.631016Z  WARN codex_otel::events::session_telemetry: metrics duration [codex.sse_event.duration_ms] failed: tag value contains invalid characters: qwen3.6:35b-coding
2026-10-02T19:18:03.657304Z  WARN codex_otel::events::session_telemetry: metrics counter [codex.sse_event] failed: tag value contains invalid characters: qwen3.6:35b-coding
2026-10-02T19:18:03.657326Z  WARN codex_otel::events::session_telemetry: metrics duration [codex.sse_event.duration_ms] failed: tag value contains invalid characters: qwen3.6:35b-coding
2026-10-02T19:18:03.657376Z  WARN codex_otel::events::session_telemetry: metrics counter [codex.sse_event] failed: tag value contains invalid characters: qwen3.6:35b-coding
2026-10-02T19:18:03.657403Z  WARN codex_otel::events::session_telemetry: metrics duration [codex.sse_event.duration_ms] failed: tag value contains invalid characters: qwen3.6:35b-coding
2026-10-02T19:18:03.657430Z  WARN codex_otel::events::session_telemetry: metrics counter [codex.sse_event] failed: tag value contains invalid characters: qwen3.6:35b-coding
2026-10-02T19:18:03.657440Z  WARN codex_otel::events::session_telemetry: metrics duration [codex.sse_event.duration_ms] failed: tag value contains invalid characters: qwen3.6:35b-coding
2026-10-02T19:18:03.682831Z  WARN codex_otel::events::session_telemetry: metrics counter [codex.sse_event] failed: tag value contains invalid characters: qwen3.6:35b-coding
2026-10-02T19:18:03.682864Z  WARN codex_otel::events::session_telemetry: metrics duration [codex.sse_event.duration_ms] failed: tag value contains invalid characters: qwen3.6:35b-coding
2026-10-02T19:18:03.682925Z  WARN codex_otel::events::session_telemetry: metrics counter [codex.sse_event] failed: tag value contains invalid characters: qwen3.6:35b-coding
2026-10-02T19:18:03.682939Z  WARN codex_otel::events::session_telemetry: metrics duration [codex.sse_event.duration_ms] failed: tag value contains invalid characters: qwen3.6:35b-coding
2026-10-02T19:18:03.682983Z  WARN codex_otel::events::session_telemetry: metrics counter [codex.sse_event] failed: tag value contains invalid characters: qwen3.6:35b-coding
2026-10-02T19:18:03.683011Z  WARN codex_otel::events::session_telemetry: metrics duration [codex.sse_event.duration_ms] failed: tag value contains invalid characters: qwen3.6:35b-coding
2026-10-02T19:18:03.708922Z  WARN codex_otel::events::session_telemetry: metrics counter [codex.sse_event] failed: tag value contains invalid characters: qwen3.6:35b-coding
2026-10-02T19:18:03.708940Z  WARN codex_otel::events::session_telemetry: metrics duration [codex.sse_event.duration_ms] failed: tag value contains invalid characters: qwen3.6:35b-coding
2026-10-02T19:18:03.708965Z  WARN codex_otel::events::session_telemetry: metrics counter [codex.sse_event] failed: tag value contains invalid characters: qwen3.6:35b-coding
2026-10-02T19:18:03.708972Z  WARN codex_otel::events::session_telemetry: metrics duration [codex.sse_event.duration_ms] failed: tag value contains invalid characters: qwen3.6:35b-coding
2026-10-02T19:18:04.228814Z  WARN codex_otel::events::session_telemetry: metrics counter [codex.sse_event] failed: tag value contains invalid characters: qwen3.6:35b-coding
2026-10-02T19:18:04.228843Z  WARN codex_otel::events::session_telemetry: metrics duration [codex.sse_event.duration_ms] failed: tag value contains invalid characters: qwen3.6:35b-coding
2026-10-02T19:18:04.228896Z  WARN codex_otel::events::session_telemetry: metrics counter [codex.sse_event] failed: tag value contains invalid characters: qwen3.6:35b-coding
2026-10-02T19:18:04.228915Z  WARN codex_otel::events::session_telemetry: metrics duration [codex.sse_event.duration_ms] failed: tag value contains invalid characters: qwen3.6:35b-coding
2026-10-02T19:18:04.228958Z  WARN codex_otel::events::session_telemetry: metrics counter [codex.sse_event] failed: tag value contains invalid characters: qwen3.6:35b-coding
2026-10-02T19:18:04.228976Z  WARN codex_otel::events::session_telemetry: metrics duration [codex.sse_event.duration_ms] failed: tag value contains invalid characters: qwen3.6:35b-coding
2026-10-02T19:18:04.229014Z  WARN codex_otel::events::session_telemetry: metrics counter [codex.sse_event] failed: tag value contains invalid characters: qwen3.6:35b-coding
2026-10-02T19:18:04.229027Z  WARN codex_otel::events::session_telemetry: metrics duration [codex.sse_event.duration_ms] failed: tag value contains invalid characters: qwen3.6:35b-coding
2026-10-02T19:18:04.229038Z  WARN codex_otel::events::session_telemetry: metrics counter [codex.sse_event] failed: tag value contains invalid characters: qwen3.6:35b-coding
2026-10-02T19:18:04.229044Z  WARN codex_otel::events::session_telemetry: metrics duration [codex.sse_event.duration_ms] failed: tag value contains invalid characters: qwen3.6:35b-coding
2026-10-02T19:18:04.229055Z  WARN codex_otel::events::session_telemetry: metrics counter [codex.sse_event] failed: tag value contains invalid characters: qwen3.6:35b-coding
2026-10-02T19:18:04.229059Z  WARN codex_otel::events::session_telemetry: metrics duration [codex.sse_event.duration_ms] failed: tag value contains invalid characters: qwen3.6:35b-coding
2026-10-02T19:18:04.230994Z  WARN codex_otel::events::session_telemetry: metrics counter [codex.sse_event] failed: tag value contains invalid characters: qwen3.6:35b-coding
2026-10-02T19:18:04.231009Z  WARN codex_otel::events::session_telemetry: metrics duration [codex.sse_event.duration_ms] failed: tag value contains invalid characters: qwen3.6:35b-coding
2026-10-02T19:18:04.232124Z  WARN codex_otel::events::session_telemetry: metrics counter [codex.tool.unified_exec] failed: tag value contains invalid characters: qwen3.6:35b-coding
2026-10-02T19:18:04.362869Z  WARN codex_otel::events::session_telemetry: metrics counter [codex.tool.call] failed: tag value contains invalid characters: qwen3.6:35b-coding
2026-10-02T19:18:04.362879Z  WARN codex_otel::events::session_telemetry: metrics duration [codex.tool.call.duration_ms] failed: tag value contains invalid characters: qwen3.6:35b-coding
2026-10-02T19:18:04.725349Z  WARN codex_otel::events::session_telemetry: metrics counter [codex.api_request] failed: tag value contains invalid characters: qwen3.6:35b-coding
2026-10-02T19:18:04.725381Z  WARN codex_otel::events::session_telemetry: metrics duration [codex.api_request.duration_ms] failed: tag value contains invalid characters: qwen3.6:35b-coding
2026-10-02T19:18:04.725839Z  WARN codex_otel::events::session_telemetry: metrics counter [codex.sse_event] failed: tag value contains invalid characters: qwen3.6:35b-coding
2026-10-02T19:18:04.725858Z  WARN codex_otel::events::session_telemetry: metrics duration [codex.sse_event.duration_ms] failed: tag value contains invalid characters: qwen3.6:35b-coding
2026-10-02T19:18:04.726297Z  WARN codex_otel::events::session_telemetry: metrics counter [codex.sse_event] failed: tag value contains invalid characters: qwen3.6:35b-coding
2026-10-02T19:18:04.726305Z  WARN codex_otel::events::session_telemetry: metrics duration [codex.sse_event.duration_ms] failed: tag value contains invalid characters: qwen3.6:35b-coding
2026-10-02T19:18:04.726495Z  WARN codex_otel::events::session_telemetry: metrics counter [codex.sse_event] failed: tag value contains invalid characters: qwen3.6:35b-coding
2026-10-02T19:18:04.726501Z  WARN codex_otel::events::session_telemetry: metrics duration [codex.sse_event.duration_ms] failed: tag value contains invalid characters: qwen3.6:35b-coding
2026-10-02T19:18:04.726517Z  WARN codex_otel::events::session_telemetry: metrics counter [codex.sse_event] failed: tag value contains invalid characters: qwen3.6:35b-coding
2026-10-02T19:18:04.726522Z  WARN codex_otel::events::session_telemetry: metrics duration [codex.sse_event.duration_ms] failed: tag value contains invalid characters: qwen3.6:35b-coding
2026-10-02T19:18:04.753028Z  WARN codex_otel::events::session_telemetry: metrics counter [codex.sse_event] failed: tag value contains invalid characters: qwen3.6:35b-coding
2026-10-02T19:18:04.753057Z  WARN codex_otel::events::session_telemetry: metrics duration [codex.sse_event.duration_ms] failed: tag value contains invalid characters: qwen3.6:35b-coding
2026-10-02T19:18:04.753109Z  WARN codex_otel::events::session_telemetry: metrics counter [codex.sse_event] failed: tag value contains invalid characters: qwen3.6:35b-coding
2026-10-02T19:18:04.753122Z  WARN codex_otel::events::session_telemetry: metrics duration [codex.sse_event.duration_ms] failed: tag value contains invalid characters: qwen3.6:35b-coding
2026-10-02T19:18:04.753156Z  WARN codex_otel::events::session_telemetry: metrics counter [codex.sse_event] failed: tag value contains invalid characters: qwen3.6:35b-coding
2026-10-02T19:18:04.753166Z  WARN codex_otel::events::session_telemetry: metrics duration [codex.sse_event.duration_ms] failed: tag value contains invalid characters: qwen3.6:35b-coding
2026-10-02T19:18:04.778710Z  WARN codex_otel::events::session_telemetry: metrics counter [codex.sse_event] failed: tag value contains invalid characters: qwen3.6:35b-coding
2026-10-02T19:18:04.778750Z  WARN codex_otel::events::session_telemetry: metrics duration [codex.sse_event.duration_ms] failed: tag value contains invalid characters: qwen3.6:35b-coding
2026-10-02T19:18:04.778781Z  WARN codex_otel::events::session_telemetry: metrics counter [codex.sse_event] failed: tag value contains invalid characters: qwen3.6:35b-coding
2026-10-02T19:18:04.778789Z  WARN codex_otel::events::session_telemetry: metrics duration [codex.sse_event.duration_ms] failed: tag value contains invalid characters: qwen3.6:35b-coding
2026-10-02T19:18:04.778806Z  WARN codex_otel::events::session_telemetry: metrics counter [codex.sse_event] failed: tag value contains invalid characters: qwen3.6:35b-coding
2026-10-02T19:18:04.778811Z  WARN codex_otel::events::session_telemetry: metrics duration [codex.sse_event.duration_ms] failed: tag value contains invalid characters: qwen3.6:35b-coding
2026-10-02T19:18:04.805296Z  WARN codex_otel::events::session_telemetry: metrics counter [codex.sse_event] failed: tag value contains invalid characters: qwen3.6:35b-coding
2026-10-02T19:18:04.805327Z  WARN codex_otel::events::session_telemetry: metrics duration [codex.sse_event.duration_ms] failed: tag value contains invalid characters: qwen3.6:35b-coding
2026-10-02T19:18:04.805355Z  WARN codex_otel::events::session_telemetry: metrics counter [codex.sse_event] failed: tag value contains invalid characters: qwen3.6:35b-coding
2026-10-02T19:18:04.805368Z  WARN codex_otel::events::session_telemetry: metrics duration [codex.sse_event.duration_ms] failed: tag value contains invalid characters: qwen3.6:35b-coding
2026-10-02T19:18:04.805389Z  WARN codex_otel::events::session_telemetry: metrics counter [codex.sse_event] failed: tag value contains invalid characters: qwen3.6:35b-coding
2026-10-02T19:18:04.805395Z  WARN codex_otel::events::session_telemetry: metrics duration [codex.sse_event.duration_ms] failed: tag value contains invalid characters: qwen3.6:35b-coding
2026-10-02T19:18:04.831100Z  WARN codex_otel::events::session_telemetry: metrics counter [codex.sse_event] failed: tag value contains invalid characters: qwen3.6:35b-coding
2026-10-02T19:18:04.831134Z  WARN codex_otel::events::session_telemetry: metrics duration [codex.sse_event.duration_ms] failed: tag value contains invalid characters: qwen3.6:35b-coding
2026-10-02T19:18:04.857049Z  WARN codex_otel::events::session_telemetry: metrics counter [codex.sse_event] failed: tag value contains invalid characters: qwen3.6:35b-coding
2026-10-02T19:18:04.857084Z  WARN codex_otel::events::session_telemetry: metrics duration [codex.sse_event.duration_ms] failed: tag value contains invalid characters: qwen3.6:35b-coding
2026-10-02T19:18:04.857119Z  WARN codex_otel::events::session_telemetry: metrics counter [codex.sse_event] failed: tag value contains invalid characters: qwen3.6:35b-coding
2026-10-02T19:18:04.857131Z  WARN codex_otel::events::session_telemetry: metrics duration [codex.sse_event.duration_ms] failed: tag value contains invalid characters: qwen3.6:35b-coding
2026-10-02T19:18:04.857164Z  WARN codex_otel::events::session_telemetry: metrics counter [codex.sse_event] failed: tag value contains invalid characters: qwen3.6:35b-coding
2026-10-02T19:18:04.857169Z  WARN codex_otel::events::session_telemetry: metrics duration [codex.sse_event.duration_ms] failed: tag value contains invalid characters: qwen3.6:35b-coding
2026-10-02T19:18:04.857184Z  WARN codex_otel::events::session_telemetry: metrics counter [codex.sse_event] failed: tag value contains invalid characters: qwen3.6:35b-coding
2026-10-02T19:18:04.857189Z  WARN codex_otel::events::session_telemetry: metrics duration [codex.sse_event.duration_ms] failed: tag value contains invalid characters: qwen3.6:35b-coding
2026-10-02T19:18:04.857199Z  WARN codex_otel::events::session_telemetry: metrics counter [codex.sse_event] failed: tag value contains invalid characters: qwen3.6:35b-coding
2026-10-02T19:18:04.857203Z  WARN codex_otel::events::session_telemetry: metrics duration [codex.sse_event.duration_ms] failed: tag value contains invalid characters: qwen3.6:35b-coding
2026-10-02T19:18:04.857209Z  WARN codex_otel::events::session_telemetry: metrics counter [codex.sse_event] failed: tag value contains invalid characters: qwen3.6:35b-coding
2026-10-02T19:18:04.857215Z  WARN codex_otel::events::session_telemetry: metrics duration [codex.sse_event.duration_ms] failed: tag value contains invalid characters: qwen3.6:35b-coding
2026-10-02T19:18:04.882497Z  WARN codex_otel::events::session_telemetry: metrics counter [codex.sse_event] failed: tag value contains invalid characters: qwen3.6:35b-coding
2026-10-02T19:18:04.882516Z  WARN codex_otel::events::session_telemetry: metrics duration [codex.sse_event.duration_ms] failed: tag value contains invalid characters: qwen3.6:35b-coding
2026-10-02T19:18:04.882540Z  WARN codex_otel::events::session_telemetry: metrics counter [codex.sse_event] failed: tag value contains invalid characters: qwen3.6:35b-coding
2026-10-02T19:18:04.882554Z  WARN codex_otel::events::session_telemetry: metrics duration [codex.sse_event.duration_ms] failed: tag value contains invalid characters: qwen3.6:35b-coding
2026-10-02T19:18:04.908217Z  WARN codex_otel::events::session_telemetry: metrics counter [codex.sse_event] failed: tag value contains invalid characters: qwen3.6:35b-coding
2026-10-02T19:18:04.908238Z  WARN codex_otel::events::session_telemetry: metrics duration [codex.sse_event.duration_ms] failed: tag value contains invalid characters: qwen3.6:35b-coding
2026-10-02T19:18:04.908287Z  WARN codex_otel::events::session_telemetry: metrics counter [codex.sse_event] failed: tag value contains invalid characters: qwen3.6:35b-coding
2026-10-02T19:18:04.908316Z  WARN codex_otel::events::session_telemetry: metrics duration [codex.sse_event.duration_ms] failed: tag value contains invalid characters: qwen3.6:35b-coding
2026-10-02T19:18:04.934748Z  WARN codex_otel::events::session_telemetry: metrics counter [codex.sse_event] failed: tag value contains invalid characters: qwen3.6:35b-coding
2026-10-02T19:18:04.934771Z  WARN codex_otel::events::session_telemetry: metrics duration [codex.sse_event.duration_ms] failed: tag value contains invalid characters: qwen3.6:35b-coding
2026-10-02T19:18:04.934815Z  WARN codex_otel::events::session_telemetry: metrics counter [codex.sse_event] failed: tag value contains invalid characters: qwen3.6:35b-coding
2026-10-02T19:18:04.934834Z  WARN codex_otel::events::session_telemetry: metrics duration [codex.sse_event.duration_ms] failed: tag value contains invalid characters: qwen3.6:35b-coding
2026-10-02T19:18:04.934863Z  WARN codex_otel::events::session_telemetry: metrics counter [codex.sse_event] failed: tag value contains invalid characters: qwen3.6:35b-coding
2026-10-02T19:18:04.934874Z  WARN codex_otel::events::session_telemetry: metrics duration [codex.sse_event.duration_ms] failed: tag value contains invalid characters: qwen3.6:35b-coding
2026-10-02T19:18:04.960227Z  WARN codex_otel::events::session_telemetry: metrics counter [codex.sse_event] failed: tag value contains invalid characters: qwen3.6:35b-coding
2026-10-02T19:18:04.960257Z  WARN codex_otel::events::session_telemetry: metrics duration [codex.sse_event.duration_ms] failed: tag value contains invalid characters: qwen3.6:35b-coding
2026-10-02T19:18:04.960294Z  WARN codex_otel::events::session_telemetry: metrics counter [codex.sse_event] failed: tag value contains invalid characters: qwen3.6:35b-coding
2026-10-02T19:18:04.960330Z  WARN codex_otel::events::session_telemetry: metrics duration [codex.sse_event.duration_ms] failed: tag value contains invalid characters: qwen3.6:35b-coding
2026-10-02T19:18:04.986127Z  WARN codex_otel::events::session_telemetry: metrics counter [codex.sse_event] failed: tag value contains invalid characters: qwen3.6:35b-coding
2026-10-02T19:18:04.986162Z  WARN codex_otel::events::session_telemetry: metrics duration [codex.sse_event.duration_ms] failed: tag value contains invalid characters: qwen3.6:35b-coding
2026-10-02T19:18:04.986195Z  WARN codex_otel::events::session_telemetry: metrics counter [codex.sse_event] failed: tag value contains invalid characters: qwen3.6:35b-coding
2026-10-02T19:18:04.986206Z  WARN codex_otel::events::session_telemetry: metrics duration [codex.sse_event.duration_ms] failed: tag value contains invalid characters: qwen3.6:35b-coding
2026-10-02T19:18:04.986230Z  WARN codex_otel::events::session_telemetry: metrics counter [codex.sse_event] failed: tag value contains invalid characters: qwen3.6:35b-coding
2026-10-02T19:18:04.986239Z  WARN codex_otel::events::session_telemetry: metrics duration [codex.sse_event.duration_ms] failed: tag value contains invalid characters: qwen3.6:35b-coding
2026-10-02T19:18:05.012035Z  WARN codex_otel::events::session_telemetry: metrics counter [codex.sse_event] failed: tag value contains invalid characters: qwen3.6:35b-coding
2026-10-02T19:18:05.012060Z  WARN codex_otel::events::session_telemetry: metrics duration [codex.sse_event.duration_ms] failed: tag value contains invalid characters: qwen3.6:35b-coding
2026-10-02T19:18:05.012110Z  WARN codex_otel::events::session_telemetry: metrics counter [codex.sse_event] failed: tag value contains invalid characters: qwen3.6:35b-coding
2026-10-02T19:18:05.012123Z  WARN codex_otel::events::session_telemetry: metrics duration [codex.sse_event.duration_ms] failed: tag value contains invalid characters: qwen3.6:35b-coding
2026-10-02T19:18:05.012164Z  WARN codex_otel::events::session_telemetry: metrics counter [codex.sse_event] failed: tag value contains invalid characters: qwen3.6:35b-coding
2026-10-02T19:18:05.012170Z  WARN codex_otel::events::session_telemetry: metrics duration [codex.sse_event.duration_ms] failed: tag value contains invalid characters: qwen3.6:35b-coding
2026-10-02T19:18:05.038656Z  WARN codex_otel::events::session_telemetry: metrics counter [codex.sse_event] failed: tag value contains invalid characters: qwen3.6:35b-coding
2026-10-02T19:18:05.038680Z  WARN codex_otel::events::session_telemetry: metrics duration [codex.sse_event.duration_ms] failed: tag value contains invalid characters: qwen3.6:35b-coding
2026-10-02T19:18:05.038738Z  WARN codex_otel::events::session_telemetry: metrics counter [codex.sse_event] failed: tag value contains invalid characters: qwen3.6:35b-coding
2026-10-02T19:18:05.038763Z  WARN codex_otel::events::session_telemetry: metrics duration [codex.sse_event.duration_ms] failed: tag value contains invalid characters: qwen3.6:35b-coding
2026-10-02T19:18:05.038790Z  WARN codex_otel::events::session_telemetry: metrics counter [codex.sse_event] failed: tag value contains invalid characters: qwen3.6:35b-coding
2026-10-02T19:18:05.038801Z  WARN codex_otel::events::session_telemetry: metrics duration [codex.sse_event.duration_ms] failed: tag value contains invalid characters: qwen3.6:35b-coding
2026-10-02T19:18:05.067919Z  WARN codex_otel::events::session_telemetry: metrics counter [codex.sse_event] failed: tag value contains invalid characters: qwen3.6:35b-coding
2026-10-02T19:18:05.067952Z  WARN codex_otel::events::session_telemetry: metrics duration [codex.sse_event.duration_ms] failed: tag value contains invalid characters: qwen3.6:35b-coding
2026-10-02T19:18:05.067990Z  WARN codex_otel::events::session_telemetry: metrics counter [codex.sse_event] failed: tag value contains invalid characters: qwen3.6:35b-coding
2026-10-02T19:18:05.068016Z  WARN codex_otel::events::session_telemetry: metrics duration [codex.sse_event.duration_ms] failed: tag value contains invalid characters: qwen3.6:35b-coding
2026-10-02T19:18:05.068037Z  WARN codex_otel::events::session_telemetry: metrics counter [codex.sse_event] failed: tag value contains invalid characters: qwen3.6:35b-coding
2026-10-02T19:18:05.068047Z  WARN codex_otel::events::session_telemetry: metrics duration [codex.sse_event.duration_ms] failed: tag value contains invalid characters: qwen3.6:35b-coding
2026-10-02T19:18:05.098675Z  WARN codex_otel::events::session_telemetry: metrics counter [codex.sse_event] failed: tag value contains invalid characters: qwen3.6:35b-coding
2026-10-02T19:18:05.098698Z  WARN codex_otel::events::session_telemetry: metrics duration [codex.sse_event.duration_ms] failed: tag value contains invalid characters: qwen3.6:35b-coding
2026-10-02T19:18:05.098730Z  WARN codex_otel::events::session_telemetry: metrics counter [codex.sse_event] failed: tag value contains invalid characters: qwen3.6:35b-coding
2026-10-02T19:18:05.098786Z  WARN codex_otel::events::session_telemetry: metrics duration [codex.sse_event.duration_ms] failed: tag value contains invalid characters: qwen3.6:35b-coding
2026-10-02T19:18:05.098817Z  WARN codex_otel::events::session_telemetry: metrics counter [codex.sse_event] failed: tag value contains invalid characters: qwen3.6:35b-coding
2026-10-02T19:18:05.098828Z  WARN codex_otel::events::session_telemetry: metrics duration [codex.sse_event.duration_ms] failed: tag value contains invalid characters: qwen3.6:35b-coding
2026-10-02T19:18:05.128835Z  WARN codex_otel::events::session_telemetry: metrics counter [codex.sse_event] failed: tag value contains invalid characters: qwen3.6:35b-coding
2026-10-02T19:18:05.128881Z  WARN codex_otel::events::session_telemetry: metrics duration [codex.sse_event.duration_ms] failed: tag value contains invalid characters: qwen3.6:35b-coding
2026-10-02T19:18:05.128918Z  WARN codex_otel::events::session_telemetry: metrics counter [codex.sse_event] failed: tag value contains invalid characters: qwen3.6:35b-coding
2026-10-02T19:18:05.128985Z  WARN codex_otel::events::session_telemetry: metrics duration [codex.sse_event.duration_ms] failed: tag value contains invalid characters: qwen3.6:35b-coding
2026-10-02T19:18:05.157460Z  WARN codex_otel::events::session_telemetry: metrics counter [codex.sse_event] failed: tag value contains invalid characters: qwen3.6:35b-coding
2026-10-02T19:18:05.157534Z  WARN codex_otel::events::session_telemetry: metrics duration [codex.sse_event.duration_ms] failed: tag value contains invalid characters: qwen3.6:35b-coding
2026-10-02T19:18:05.157598Z  WARN codex_otel::events::session_telemetry: metrics counter [codex.sse_event] failed: tag value contains invalid characters: qwen3.6:35b-coding
2026-10-02T19:18:05.157640Z  WARN codex_otel::events::session_telemetry: metrics duration [codex.sse_event.duration_ms] failed: tag value contains invalid characters: qwen3.6:35b-coding
2026-10-02T19:18:05.187045Z  WARN codex_otel::events::session_telemetry: metrics counter [codex.sse_event] failed: tag value contains invalid characters: qwen3.6:35b-coding
2026-10-02T19:18:05.187078Z  WARN codex_otel::events::session_telemetry: metrics duration [codex.sse_event.duration_ms] failed: tag value contains invalid characters: qwen3.6:35b-coding
2026-10-02T19:18:05.187129Z  WARN codex_otel::events::session_telemetry: metrics counter [codex.sse_event] failed: tag value contains invalid characters: qwen3.6:35b-coding
2026-10-02T19:18:05.187149Z  WARN codex_otel::events::session_telemetry: metrics duration [codex.sse_event.duration_ms] failed: tag value contains invalid characters: qwen3.6:35b-coding
2026-10-02T19:18:05.187192Z  WARN codex_otel::events::session_telemetry: metrics counter [codex.sse_event] failed: tag value contains invalid characters: qwen3.6:35b-coding
2026-10-02T19:18:05.187206Z  WARN codex_otel::events::session_telemetry: metrics duration [codex.sse_event.duration_ms] failed: tag value contains invalid characters: qwen3.6:35b-coding
2026-10-02T19:18:05.213977Z  WARN codex_otel::events::session_telemetry: metrics counter [codex.sse_event] failed: tag value contains invalid characters: qwen3.6:35b-coding
2026-10-02T19:18:05.214019Z  WARN codex_otel::events::session_telemetry: metrics duration [codex.sse_event.duration_ms] failed: tag value contains invalid characters: qwen3.6:35b-coding
2026-10-02T19:18:05.214057Z  WARN codex_otel::events::session_telemetry: metrics counter [codex.sse_event] failed: tag value contains invalid characters: qwen3.6:35b-coding
2026-10-02T19:18:05.214083Z  WARN codex_otel::events::session_telemetry: metrics duration [codex.sse_event.duration_ms] failed: tag value contains invalid characters: qwen3.6:35b-coding
2026-10-02T19:18:05.214135Z  WARN codex_otel::events::session_telemetry: metrics counter [codex.sse_event] failed: tag value contains invalid characters: qwen3.6:35b-coding
2026-10-02T19:18:05.214152Z  WARN codex_otel::events::session_telemetry: metrics duration [codex.sse_event.duration_ms] failed: tag value contains invalid characters: qwen3.6:35b-coding
2026-10-02T19:18:05.243123Z  WARN codex_otel::events::session_telemetry: metrics counter [codex.sse_event] failed: tag value contains invalid characters: qwen3.6:35b-coding
2026-10-02T19:18:05.243160Z  WARN codex_otel::events::session_telemetry: metrics duration [codex.sse_event.duration_ms] failed: tag value contains invalid characters: qwen3.6:35b-coding
2026-10-02T19:18:05.243190Z  WARN codex_otel::events::session_telemetry: metrics counter [codex.sse_event] failed: tag value contains invalid characters: qwen3.6:35b-coding
2026-10-02T19:18:05.243201Z  WARN codex_otel::events::session_telemetry: metrics duration [codex.sse_event.duration_ms] failed: tag value contains invalid characters: qwen3.6:35b-coding
2026-10-02T19:18:05.243212Z  WARN codex_otel::events::session_telemetry: metrics counter [codex.sse_event] failed: tag value contains invalid characters: qwen3.6:35b-coding
2026-10-02T19:18:05.243226Z  WARN codex_otel::events::session_telemetry: metrics duration [codex.sse_event.duration_ms] failed: tag value contains invalid characters: qwen3.6:35b-coding
2026-10-02T19:18:05.271979Z  WARN codex_otel::events::session_telemetry: metrics counter [codex.sse_event] failed: tag value contains invalid characters: qwen3.6:35b-coding
2026-10-02T19:18:05.272024Z  WARN codex_otel::events::session_telemetry: metrics duration [codex.sse_event.duration_ms] failed: tag value contains invalid characters: qwen3.6:35b-coding
2026-10-02T19:18:05.272059Z  WARN codex_otel::events::session_telemetry: metrics counter [codex.sse_event] failed: tag value contains invalid characters: qwen3.6:35b-coding
2026-10-02T19:18:05.272073Z  WARN codex_otel::events::session_telemetry: metrics duration [codex.sse_event.duration_ms] failed: tag value contains invalid characters: qwen3.6:35b-coding
2026-10-02T19:18:05.272108Z  WARN codex_otel::events::session_telemetry: metrics counter [codex.sse_event] failed: tag value contains invalid characters: qwen3.6:35b-coding
2026-10-02T19:18:05.272123Z  WARN codex_otel::events::session_telemetry: metrics duration [codex.sse_event.duration_ms] failed: tag value contains invalid characters: qwen3.6:35b-coding
2026-10-02T19:18:05.299511Z  WARN codex_otel::events::session_telemetry: metrics counter [codex.sse_event] failed: tag value contains invalid characters: qwen3.6:35b-coding
2026-10-02T19:18:05.299537Z  WARN codex_otel::events::session_telemetry: metrics duration [codex.sse_event.duration_ms] failed: tag value contains invalid characters: qwen3.6:35b-coding
2026-10-02T19:18:05.299579Z  WARN codex_otel::events::session_telemetry: metrics counter [codex.sse_event] failed: tag value contains invalid characters: qwen3.6:35b-coding
2026-10-02T19:18:05.299591Z  WARN codex_otel::events::session_telemetry: metrics duration [codex.sse_event.duration_ms] failed: tag value contains invalid characters: qwen3.6:35b-coding
2026-10-02T19:18:05.299615Z  WARN codex_otel::events::session_telemetry: metrics counter [codex.sse_event] failed: tag value contains invalid characters: qwen3.6:35b-coding
2026-10-02T19:18:05.299621Z  WARN codex_otel::events::session_telemetry: metrics duration [codex.sse_event.duration_ms] failed: tag value contains invalid characters: qwen3.6:35b-coding
2026-10-02T19:18:05.328413Z  WARN codex_otel::events::session_telemetry: metrics counter [codex.sse_event] failed: tag value contains invalid characters: qwen3.6:35b-coding
2026-10-02T19:18:05.328464Z  WARN codex_otel::events::session_telemetry: metrics duration [codex.sse_event.duration_ms] failed: tag value contains invalid characters: qwen3.6:35b-coding
2026-10-02T19:18:05.356150Z  WARN codex_otel::events::session_telemetry: metrics counter [codex.sse_event] failed: tag value contains invalid characters: qwen3.6:35b-coding
2026-10-02T19:18:05.356199Z  WARN codex_otel::events::session_telemetry: metrics duration [codex.sse_event.duration_ms] failed: tag value contains invalid characters: qwen3.6:35b-coding
2026-10-02T19:18:05.385324Z  WARN codex_otel::events::session_telemetry: metrics counter [codex.sse_event] failed: tag value contains invalid characters: qwen3.6:35b-coding
2026-10-02T19:18:05.385364Z  WARN codex_otel::events::session_telemetry: metrics duration [codex.sse_event.duration_ms] failed: tag value contains invalid characters: qwen3.6:35b-coding
2026-10-02T19:18:05.385413Z  WARN codex_otel::events::session_telemetry: metrics counter [codex.sse_event] failed: tag value contains invalid characters: qwen3.6:35b-coding
2026-10-02T19:18:05.385427Z  WARN codex_otel::events::session_telemetry: metrics duration [codex.sse_event.duration_ms] failed: tag value contains invalid characters: qwen3.6:35b-coding
2026-10-02T19:18:05.413737Z  WARN codex_otel::events::session_telemetry: metrics counter [codex.sse_event] failed: tag value contains invalid characters: qwen3.6:35b-coding
2026-10-02T19:18:05.413761Z  WARN codex_otel::events::session_telemetry: metrics duration [codex.sse_event.duration_ms] failed: tag value contains invalid characters: qwen3.6:35b-coding
2026-10-02T19:18:05.413801Z  WARN codex_otel::events::session_telemetry: metrics counter [codex.sse_event] failed: tag value contains invalid characters: qwen3.6:35b-coding
2026-10-02T19:18:05.413828Z  WARN codex_otel::events::session_telemetry: metrics duration [codex.sse_event.duration_ms] failed: tag value contains invalid characters: qwen3.6:35b-coding
2026-10-02T19:18:05.413861Z  WARN codex_otel::events::session_telemetry: metrics counter [codex.sse_event] failed: tag value contains invalid characters: qwen3.6:35b-coding
2026-10-02T19:18:05.413872Z  WARN codex_otel::events::session_telemetry: metrics duration [codex.sse_event.duration_ms] failed: tag value contains invalid characters: qwen3.6:35b-coding
2026-10-02T19:18:05.439571Z  WARN codex_otel::events::session_telemetry: metrics counter [codex.sse_event] failed: tag value contains invalid characters: qwen3.6:35b-coding
2026-10-02T19:18:05.439616Z  WARN codex_otel::events::session_telemetry: metrics duration [codex.sse_event.duration_ms] failed: tag value contains invalid characters: qwen3.6:35b-coding
2026-10-02T19:18:05.439654Z  WARN codex_otel::events::session_telemetry: metrics counter [codex.sse_event] failed: tag value contains invalid characters: qwen3.6:35b-coding
2026-10-02T19:18:05.439668Z  WARN codex_otel::events::session_telemetry: metrics duration [codex.sse_event.duration_ms] failed: tag value contains invalid characters: qwen3.6:35b-coding
2026-10-02T19:18:05.439697Z  WARN codex_otel::events::session_telemetry: metrics counter [codex.sse_event] failed: tag value contains invalid characters: qwen3.6:35b-coding
2026-10-02T19:18:05.439707Z  WARN codex_otel::events::session_telemetry: metrics duration [codex.sse_event.duration_ms] failed: tag value contains invalid characters: qwen3.6:35b-coding
2026-10-02T19:18:05.465746Z  WARN codex_otel::events::session_telemetry: metrics counter [codex.sse_event] failed: tag value contains invalid characters: qwen3.6:35b-coding
2026-10-02T19:18:05.465779Z  WARN codex_otel::events::session_telemetry: metrics duration [codex.sse_event.duration_ms] failed: tag value contains invalid characters: qwen3.6:35b-coding
2026-10-02T19:18:05.465812Z  WARN codex_otel::events::session_telemetry: metrics counter [codex.sse_event] failed: tag value contains invalid characters: qwen3.6:35b-coding
2026-10-02T19:18:05.465825Z  WARN codex_otel::events::session_telemetry: metrics duration [codex.sse_event.duration_ms] failed: tag value contains invalid characters: qwen3.6:35b-coding
2026-10-02T19:18:05.492198Z  WARN codex_otel::events::session_telemetry: metrics counter [codex.sse_event] failed: tag value contains invalid characters: qwen3.6:35b-coding
2026-10-02T19:18:05.492232Z  WARN codex_otel::events::session_telemetry: metrics duration [codex.sse_event.duration_ms] failed: tag value contains invalid characters: qwen3.6:35b-coding
2026-10-02T19:18:05.519783Z  WARN codex_otel::events::session_telemetry: metrics counter [codex.sse_event] failed: tag value contains invalid characters: qwen3.6:35b-coding
2026-10-02T19:18:05.519821Z  WARN codex_otel::events::session_telemetry: metrics duration [codex.sse_event.duration_ms] failed: tag value contains invalid characters: qwen3.6:35b-coding
2026-10-02T19:18:05.519851Z  WARN codex_otel::events::session_telemetry: metrics counter [codex.sse_event] failed: tag value contains invalid characters: qwen3.6:35b-coding
2026-10-02T19:18:05.519861Z  WARN codex_otel::events::session_telemetry: metrics duration [codex.sse_event.duration_ms] failed: tag value contains invalid characters: qwen3.6:35b-coding
2026-10-02T19:18:05.546507Z  WARN codex_otel::events::session_telemetry: metrics counter [codex.sse_event] failed: tag value contains invalid characters: qwen3.6:35b-coding
2026-10-02T19:18:05.546531Z  WARN codex_otel::events::session_telemetry: metrics duration [codex.sse_event.duration_ms] failed: tag value contains invalid characters: qwen3.6:35b-coding
2026-10-02T19:18:05.573474Z  WARN codex_otel::events::session_telemetry: metrics counter [codex.sse_event] failed: tag value contains invalid characters: qwen3.6:35b-coding
2026-10-02T19:18:05.573507Z  WARN codex_otel::events::session_telemetry: metrics duration [codex.sse_event.duration_ms] failed: tag value contains invalid characters: qwen3.6:35b-coding
2026-10-02T19:18:05.599885Z  WARN codex_otel::events::session_telemetry: metrics counter [codex.sse_event] failed: tag value contains invalid characters: qwen3.6:35b-coding
2026-10-02T19:18:05.599911Z  WARN codex_otel::events::session_telemetry: metrics duration [codex.sse_event.duration_ms] failed: tag value contains invalid characters: qwen3.6:35b-coding
2026-10-02T19:18:05.599953Z  WARN codex_otel::events::session_telemetry: metrics counter [codex.sse_event] failed: tag value contains invalid characters: qwen3.6:35b-coding
2026-10-02T19:18:05.599977Z  WARN codex_otel::events::session_telemetry: metrics duration [codex.sse_event.duration_ms] failed: tag value contains invalid characters: qwen3.6:35b-coding
2026-10-02T19:18:05.600020Z  WARN codex_otel::events::session_telemetry: metrics counter [codex.sse_event] failed: tag value contains invalid characters: qwen3.6:35b-coding
2026-10-02T19:18:05.600033Z  WARN codex_otel::events::session_telemetry: metrics duration [codex.sse_event.duration_ms] failed: tag value contains invalid characters: qwen3.6:35b-coding
2026-10-02T19:18:05.625938Z  WARN codex_otel::events::session_telemetry: metrics counter [codex.sse_event] failed: tag value contains invalid characters: qwen3.6:35b-coding
2026-10-02T19:18:05.625969Z  WARN codex_otel::events::session_telemetry: metrics duration [codex.sse_event.duration_ms] failed: tag value contains invalid characters: qwen3.6:35b-coding
2026-10-02T19:18:05.626007Z  WARN codex_otel::events::session_telemetry: metrics counter [codex.sse_event] failed: tag value contains invalid characters: qwen3.6:35b-coding
2026-10-02T19:18:05.626023Z  WARN codex_otel::events::session_telemetry: metrics duration [codex.sse_event.duration_ms] failed: tag value contains invalid characters: qwen3.6:35b-coding
2026-10-02T19:18:05.651836Z  WARN codex_otel::events::session_telemetry: metrics counter [codex.sse_event] failed: tag value contains invalid characters: qwen3.6:35b-coding
2026-10-02T19:18:05.651867Z  WARN codex_otel::events::session_telemetry: metrics duration [codex.sse_event.duration_ms] failed: tag value contains invalid characters: qwen3.6:35b-coding
2026-10-02T19:18:05.651900Z  WARN codex_otel::events::session_telemetry: metrics counter [codex.sse_event] failed: tag value contains invalid characters: qwen3.6:35b-coding
2026-10-02T19:18:05.651915Z  WARN codex_otel::events::session_telemetry: metrics duration [codex.sse_event.duration_ms] failed: tag value contains invalid characters: qwen3.6:35b-coding
2026-10-02T19:18:05.651937Z  WARN codex_otel::events::session_telemetry: metrics counter [codex.sse_event] failed: tag value contains invalid characters: qwen3.6:35b-coding
2026-10-02T19:18:05.651948Z  WARN codex_otel::events::session_telemetry: metrics duration [codex.sse_event.duration_ms] failed: tag value contains invalid characters: qwen3.6:35b-coding
2026-10-02T19:18:05.677247Z  WARN codex_otel::events::session_telemetry: metrics counter [codex.sse_event] failed: tag value contains invalid characters: qwen3.6:35b-coding
2026-10-02T19:18:05.677280Z  WARN codex_otel::events::session_telemetry: metrics duration [codex.sse_event.duration_ms] failed: tag value contains invalid characters: qwen3.6:35b-coding
2026-10-02T19:18:05.677311Z  WARN codex_otel::events::session_telemetry: metrics counter [codex.sse_event] failed: tag value contains invalid characters: qwen3.6:35b-coding
2026-10-02T19:18:05.677322Z  WARN codex_otel::events::session_telemetry: metrics duration [codex.sse_event.duration_ms] failed: tag value contains invalid characters: qwen3.6:35b-coding
2026-10-02T19:18:05.677341Z  WARN codex_otel::events::session_telemetry: metrics counter [codex.sse_event] failed: tag value contains invalid characters: qwen3.6:35b-coding
2026-10-02T19:18:05.677348Z  WARN codex_otel::events::session_telemetry: metrics duration [codex.sse_event.duration_ms] failed: tag value contains invalid characters: qwen3.6:35b-coding
2026-10-02T19:18:05.703515Z  WARN codex_otel::events::session_telemetry: metrics counter [codex.sse_event] failed: tag value contains invalid characters: qwen3.6:35b-coding
2026-10-02T19:18:05.703541Z  WARN codex_otel::events::session_telemetry: metrics duration [codex.sse_event.duration_ms] failed: tag value contains invalid characters: qwen3.6:35b-coding
2026-10-02T19:18:05.729970Z  WARN codex_otel::events::session_telemetry: metrics counter [codex.sse_event] failed: tag value contains invalid characters: qwen3.6:35b-coding
2026-10-02T19:18:05.729992Z  WARN codex_otel::events::session_telemetry: metrics duration [codex.sse_event.duration_ms] failed: tag value contains invalid characters: qwen3.6:35b-coding
2026-10-02T19:18:05.730028Z  WARN codex_otel::events::session_telemetry: metrics counter [codex.sse_event] failed: tag value contains invalid characters: qwen3.6:35b-coding
2026-10-02T19:18:05.730038Z  WARN codex_otel::events::session_telemetry: metrics duration [codex.sse_event.duration_ms] failed: tag value contains invalid characters: qwen3.6:35b-coding
2026-10-02T19:18:05.756558Z  WARN codex_otel::events::session_telemetry: metrics counter [codex.sse_event] failed: tag value contains invalid characters: qwen3.6:35b-coding
2026-10-02T19:18:05.756588Z  WARN codex_otel::events::session_telemetry: metrics duration [codex.sse_event.duration_ms] failed: tag value contains invalid characters: qwen3.6:35b-coding
2026-10-02T19:18:05.756624Z  WARN codex_otel::events::session_telemetry: metrics counter [codex.sse_event] failed: tag value contains invalid characters: qwen3.6:35b-coding
2026-10-02T19:18:05.756640Z  WARN codex_otel::events::session_telemetry: metrics duration [codex.sse_event.duration_ms] failed: tag value contains invalid characters: qwen3.6:35b-coding
2026-10-02T19:18:05.809302Z  WARN codex_otel::events::session_telemetry: metrics counter [codex.sse_event] failed: tag value contains invalid characters: qwen3.6:35b-coding
2026-10-02T19:18:05.809340Z  WARN codex_otel::events::session_telemetry: metrics duration [codex.sse_event.duration_ms] failed: tag value contains invalid characters: qwen3.6:35b-coding
2026-10-02T19:18:05.809376Z  WARN codex_otel::events::session_telemetry: metrics counter [codex.sse_event] failed: tag value contains invalid characters: qwen3.6:35b-coding
2026-10-02T19:18:05.809389Z  WARN codex_otel::events::session_telemetry: metrics duration [codex.sse_event.duration_ms] failed: tag value contains invalid characters: qwen3.6:35b-coding
2026-10-02T19:18:05.835310Z  WARN codex_otel::events::session_telemetry: metrics counter [codex.sse_event] failed: tag value contains invalid characters: qwen3.6:35b-coding
2026-10-02T19:18:05.835343Z  WARN codex_otel::events::session_telemetry: metrics duration [codex.sse_event.duration_ms] failed: tag value contains invalid characters: qwen3.6:35b-coding
2026-10-02T19:18:05.861116Z  WARN codex_otel::events::session_telemetry: metrics counter [codex.sse_event] failed: tag value contains invalid characters: qwen3.6:35b-coding
2026-10-02T19:18:05.861157Z  WARN codex_otel::events::session_telemetry: metrics duration [codex.sse_event.duration_ms] failed: tag value contains invalid characters: qwen3.6:35b-coding
2026-10-02T19:18:05.888857Z  WARN codex_otel::events::session_telemetry: metrics counter [codex.sse_event] failed: tag value contains invalid characters: qwen3.6:35b-coding
2026-10-02T19:18:05.888891Z  WARN codex_otel::events::session_telemetry: metrics duration [codex.sse_event.duration_ms] failed: tag value contains invalid characters: qwen3.6:35b-coding
2026-10-02T19:18:05.888913Z  WARN codex_otel::events::session_telemetry: metrics counter [codex.sse_event] failed: tag value contains invalid characters: qwen3.6:35b-coding
2026-10-02T19:18:05.888918Z  WARN codex_otel::events::session_telemetry: metrics duration [codex.sse_event.duration_ms] failed: tag value contains invalid characters: qwen3.6:35b-coding
2026-10-02T19:18:05.888946Z  WARN codex_otel::events::session_telemetry: metrics counter [codex.sse_event] failed: tag value contains invalid characters: qwen3.6:35b-coding
2026-10-02T19:18:05.888950Z  WARN codex_otel::events::session_telemetry: metrics duration [codex.sse_event.duration_ms] failed: tag value contains invalid characters: qwen3.6:35b-coding
2026-10-02T19:18:05.890447Z  WARN codex_otel::events::session_telemetry: metrics counter [codex.sse_event] failed: tag value contains invalid characters: qwen3.6:35b-coding
2026-10-02T19:18:05.890454Z  WARN codex_otel::events::session_telemetry: metrics duration [codex.sse_event.duration_ms] failed: tag value contains invalid characters: qwen3.6:35b-coding
2026-10-02T19:18:05.893449Z  WARN codex_otel::events::session_telemetry: metrics counter [codex.hooks.run] failed: tag value contains invalid characters: qwen3.6:35b-coding
2026-10-02T19:18:05.893470Z  WARN codex_otel::events::session_telemetry: metrics duration [codex.hooks.run.duration_ms] failed: tag value contains invalid characters: qwen3.6:35b-coding
2026-10-02T19:18:05.893476Z  WARN codex_otel::events::session_telemetry: metrics counter [codex.hooks.run] failed: tag value contains invalid characters: qwen3.6:35b-coding
2026-10-02T19:18:05.893493Z  WARN codex_otel::events::session_telemetry: metrics duration [codex.hooks.run.duration_ms] failed: tag value contains invalid characters: qwen3.6:35b-coding
2026-10-02T19:18:05.894314Z  WARN codex_otel::events::session_telemetry: metrics counter [codex.turn.network_proxy] failed: tag value contains invalid characters: qwen3.6:35b-coding
2026-10-02T19:18:05.894326Z  WARN codex_otel::events::session_telemetry: metrics histogram [codex.turn.tool.call] failed: tag value contains invalid characters: qwen3.6:35b-coding
2026-10-02T19:18:05.894333Z  WARN codex_otel::events::session_telemetry: metrics histogram [codex.turn.token_usage] failed: tag value contains invalid characters: qwen3.6:35b-coding
2026-10-02T19:18:05.894336Z  WARN codex_otel::events::session_telemetry: metrics histogram [codex.turn.token_usage] failed: tag value contains invalid characters: qwen3.6:35b-coding
2026-10-02T19:18:05.894339Z  WARN codex_otel::events::session_telemetry: metrics histogram [codex.turn.token_usage] failed: tag value contains invalid characters: qwen3.6:35b-coding
2026-10-02T19:18:05.894342Z  WARN codex_otel::events::session_telemetry: metrics histogram [codex.turn.token_usage] failed: tag value contains invalid characters: qwen3.6:35b-coding
2026-10-02T19:18:05.894344Z  WARN codex_otel::events::session_telemetry: metrics histogram [codex.turn.token_usage] failed: tag value contains invalid characters: qwen3.6:35b-coding
2026-10-02T19:18:05.894347Z  WARN codex_otel::events::session_telemetry: metrics histogram [codex.turn.token_usage] failed: tag value contains invalid characters: qwen3.6:35b-coding
2026-10-02T19:18:05.894354Z  WARN codex_otel::events::session_telemetry: metrics counter [codex.turn.memory] failed: tag value contains invalid characters: qwen3.6:35b-coding
2026-10-02T19:18:05.894357Z  WARN codex_otel::events::session_telemetry: metrics counter [codex.turn.unified_exec.running_processes] failed: tag value contains invalid characters: qwen3.6:35b-coding
2026-10-02T19:18:05.898100Z  WARN codex_otel::events::session_telemetry: metrics counter [codex.conversation.turn.count] failed: tag value contains invalid characters: qwen3.6:35b-coding
